MM,DD,YYYY,HH,mm,SS,Day
8,1,2015,1,19,15,5
8,1,2015,1,27,30,5
8,1,2015,1,38,49,5
8,1,2015,6,6,41,5
8,1,2015,6,24,29,5
8,1,2015,7,46,9,5
8,1,2015,8,2,58,5
8,1,2015,8,12,43,5
8,1,2015,8,25,41,5
8,1,2015,8,38,25,5
8,1,2015,8,55,30,5
8,1,2015,8,57,32,5
8,1,2015,9,0,37,5
8,1,2015,9,9,4,5
8,1,2015,9,18,37,5
8,1,2015,9,28,32,5
8,1,2015,9,28,41,5
8,1,2015,9,38,38,5
8,1,2015,9,39,46,5
8,1,2015,9,40,33,5
8,1,2015,9,40,44,5
8,1,2015,9,43,42,5
8,1,2015,9,45,51,5
8,1,2015,9,46,12,5
8,1,2015,9,48,7,5
8,1,2015,9,48,15,5
8,1,2015,9,52,15,5
8,1,2015,10,6,39,5
8,1,2015,10,6,41,5
8,1,2015,10,10,16,5
8,1,2015,10,20,24,5
8,1,2015,10,20,46,5
8,1,2015,10,23,20,5
8,1,2015,10,28,5,5
8,1,2015,10,30,30,5
8,1,2015,10,43,31,5
8,1,2015,10,51,39,5
8,1,2015,10,51,46,5
8,1,2015,10,55,37,5
8,1,2015,10,56,59,5
8,1,2015,10,57,50,5
8,1,2015,10,58,28,5
8,1,2015,10,58,45,5
8,1,2015,11,2,4,5
8,1,2015,11,2,11,5
8,1,2015,11,8,44,5
8,1,2015,11,8,48,5
8,1,2015,11,25,44,5
8,1,2015,11,27,25,5
8,1,2015,11,27,46,5
8,1,2015,11,34,10,5
8,1,2015,11,41,38,5
8,1,2015,11,59,35,5
8,1,2015,12,1,50,5
8,1,2015,12,2,15,5
8,1,2015,12,6,22,5
8,1,2015,12,12,57,5
8,1,2015,12,19,54,5
8,1,2015,12,24,45,5
8,1,2015,12,24,46,5
8,1,2015,12,27,1,5
8,1,2015,12,28,49,5
8,1,2015,12,28,49,5
8,1,2015,12,29,52,5
8,1,2015,12,37,14,5
8,1,2015,12,38,8,5
8,1,2015,12,39,1,5
8,1,2015,12,41,5,5
8,1,2015,12,45,17,5
8,1,2015,12,45,34,5
8,1,2015,12,52,16,5
8,1,2015,12,55,8,5
8,1,2015,13,1,55,5
8,1,2015,13,6,34,5
8,1,2015,13,12,15,5
8,1,2015,13,26,53,5
8,1,2015,13,29,47,5
8,1,2015,13,33,38,5
8,1,2015,13,33,46,5
8,1,2015,13,34,5,5
8,1,2015,13,45,3,5
8,1,2015,14,11,9,5
8,1,2015,14,18,0,5
8,1,2015,14,23,39,5
8,1,2015,14,23,39,5
8,1,2015,14,24,51,5
8,1,2015,14,32,44,5
8,1,2015,14,32,54,5
8,1,2015,14,36,42,5
8,1,2015,14,50,32,5
8,1,2015,14,59,47,5
8,1,2015,14,59,59,5
8,1,2015,15,5,1,5
8,1,2015,15,23,23,5
8,1,2015,15,26,51,5
8,1,2015,15,27,50,5
8,1,2015,15,40,56,5
8,1,2015,16,3,1,5
8,1,2015,16,9,36,5
8,1,2015,16,11,28,5
8,1,2015,16,15,43,5
8,1,2015,16,17,43,5
8,1,2015,16,19,53,5
8,1,2015,16,20,34,5
8,1,2015,16,28,31,5
8,1,2015,16,32,51,5
8,1,2015,16,44,51,5
8,1,2015,16,45,1,5
8,1,2015,16,45,51,5
8,1,2015,16,47,11,5
8,1,2015,16,51,12,5
8,1,2015,16,57,34,5
8,1,2015,17,3,55,5
8,1,2015,17,6,44,5
8,1,2015,17,18,40,5
8,1,2015,17,38,52,5
8,1,2015,17,41,7,5
8,1,2015,17,52,10,5
8,1,2015,17,52,11,5
8,1,2015,18,2,33,5
8,1,2015,18,3,5,5
8,1,2015,18,5,49,5
8,1,2015,18,5,49,5
8,1,2015,18,30,10,5
8,1,2015,18,52,57,5
8,1,2015,18,56,54,5
8,1,2015,19,22,39,5
8,1,2015,19,56,45,5
8,1,2015,20,1,14,5
8,1,2015,20,15,9,5
8,1,2015,20,40,31,5
8,1,2015,21,16,40,5
8,1,2015,21,26,41,5
8,1,2015,21,27,30,5
8,1,2015,22,15,37,5
8,2,2015,1,16,4,6
8,2,2015,2,3,59,6
8,2,2015,2,41,8,6
8,2,2015,3,9,55,6
8,2,2015,4,47,29,6
8,2,2015,4,48,34,6
8,2,2015,5,17,33,6
8,2,2015,6,6,6,6
8,2,2015,6,26,20,6
8,2,2015,6,53,28,6
8,2,2015,8,4,26,6
8,2,2015,8,9,43,6
8,2,2015,8,40,20,6
8,2,2015,9,5,47,6
8,2,2015,9,15,39,6
8,2,2015,9,18,19,6
8,2,2015,9,27,38,6
8,2,2015,9,50,47,6
8,2,2015,9,52,22,6
8,2,2015,10,7,31,6
8,2,2015,10,31,39,6
8,2,2015,10,32,17,6
8,2,2015,10,32,21,6
8,2,2015,10,34,11,6
8,2,2015,10,34,24,6
8,2,2015,10,34,48,6
8,2,2015,10,35,21,6
8,2,2015,10,38,49,6
8,2,2015,10,39,45,6
8,2,2015,10,56,12,6
8,2,2015,10,57,9,6
8,2,2015,10,59,15,6
8,2,2015,11,0,57,6
8,2,2015,11,4,56,6
8,2,2015,11,5,3,6
8,2,2015,11,8,3,6
8,2,2015,11,8,20,6
8,2,2015,11,22,20,6
8,2,2015,11,22,42,6
8,2,2015,11,23,49,6
8,2,2015,11,39,13,6
8,2,2015,11,44,51,6
8,2,2015,11,50,56,6
8,2,2015,12,7,39,6
8,2,2015,12,11,0,6
8,2,2015,12,12,43,6
8,2,2015,12,13,9,6
8,2,2015,12,15,39,6
8,2,2015,12,19,28,6
8,2,2015,12,19,29,6
8,2,2015,12,21,56,6
8,2,2015,12,27,0,6
8,2,2015,12,28,3,6
8,2,2015,12,30,53,6
8,2,2015,12,34,11,6
8,2,2015,12,36,39,6
8,2,2015,12,36,42,6
8,2,2015,12,38,17,6
8,2,2015,12,38,34,6
8,2,2015,12,38,51,6
8,2,2015,12,38,55,6
8,2,2015,12,39,52,6
8,2,2015,12,42,23,6
8,2,2015,12,54,7,6
8,2,2015,13,2,21,6
8,2,2015,13,15,16,6
8,2,2015,13,16,20,6
8,2,2015,13,17,38,6
8,2,2015,13,21,34,6
8,2,2015,13,23,33,6
8,2,2015,13,28,37,6
8,2,2015,13,31,3,6
8,2,2015,13,33,30,6
8,2,2015,13,43,17,6
8,2,2015,13,43,45,6
8,2,2015,13,43,46,6
8,2,2015,13,49,48,6
8,2,2015,13,51,6,6
8,2,2015,13,53,34,6
8,2,2015,13,54,21,6
8,2,2015,14,14,32,6
8,2,2015,14,27,45,6
8,2,2015,14,28,14,6
8,2,2015,14,28,25,6
8,2,2015,14,28,29,6
8,2,2015,14,31,50,6
8,2,2015,14,32,41,6
8,2,2015,14,37,29,6
8,2,2015,14,52,17,6
8,2,2015,15,13,8,6
8,2,2015,15,13,15,6
8,2,2015,15,13,43,6
8,2,2015,15,20,18,6
8,2,2015,15,23,52,6
8,2,2015,15,25,46,6
8,2,2015,15,25,48,6
8,2,2015,15,25,55,6
8,2,2015,15,30,26,6
8,2,2015,15,36,17,6
8,2,2015,15,45,6,6
8,2,2015,16,4,14,6
8,2,2015,16,20,23,6
8,2,2015,16,27,4,6
8,2,2015,16,29,2,6
8,2,2015,16,30,16,6
8,2,2015,16,33,28,6
8,2,2015,16,33,40,6
8,2,2015,16,34,24,6
8,2,2015,16,52,34,6
8,2,2015,16,58,0,6
8,2,2015,17,5,12,6
8,2,2015,17,10,41,6
8,2,2015,17,27,30,6
8,2,2015,17,32,49,6
8,2,2015,17,33,40,6
8,2,2015,17,39,22,6
8,2,2015,18,2,27,6
8,2,2015,18,18,12,6
8,2,2015,18,22,16,6
8,2,2015,18,22,57,6
8,2,2015,18,23,8,6
8,2,2015,18,35,48,6
8,2,2015,18,42,18,6
8,2,2015,18,44,8,6
8,2,2015,18,45,7,6
8,2,2015,18,52,8,6
8,2,2015,19,7,1,6
8,2,2015,19,7,10,6
8,2,2015,19,16,56,6
8,2,2015,19,21,4,6
8,2,2015,19,22,24,6
8,2,2015,19,24,8,6
8,2,2015,19,24,8,6
8,2,2015,19,40,51,6
8,2,2015,19,45,24,6
8,2,2015,19,54,53,6
8,2,2015,19,55,13,6
8,2,2015,20,2,10,6
8,2,2015,20,5,25,6
8,2,2015,20,23,30,6
8,2,2015,20,24,10,6
8,2,2015,20,25,55,6
8,2,2015,20,27,17,6
8,2,2015,20,33,11,6
8,2,2015,21,13,53,6
8,2,2015,21,46,58,6
8,2,2015,22,0,58,6
8,2,2015,22,27,56,6
8,2,2015,22,39,1,6
8,2,2015,22,45,6,6
8,3,2015,1,44,16,0
8,3,2015,2,11,4,0
8,3,2015,2,30,16,0
8,3,2015,5,37,51,0
8,3,2015,5,53,44,0
8,3,2015,6,15,25,0
8,3,2015,6,16,16,0
8,3,2015,6,27,14,0
8,3,2015,6,42,40,0
8,3,2015,6,43,36,0
8,3,2015,6,44,7,0
8,3,2015,6,56,11,0
8,3,2015,7,4,45,0
8,3,2015,7,8,28,0
8,3,2015,7,19,36,0
8,3,2015,7,21,16,0
8,3,2015,7,23,57,0
8,3,2015,7,36,57,0
8,3,2015,7,37,58,0
8,3,2015,7,37,58,0
8,3,2015,7,42,19,0
8,3,2015,7,44,26,0
8,3,2015,8,5,51,0
8,3,2015,8,12,25,0
8,3,2015,8,16,32,0
8,3,2015,8,39,1,0
8,3,2015,9,10,39,0
8,3,2015,9,26,51,0
8,3,2015,9,53,1,0
8,3,2015,10,28,6,0
8,3,2015,10,30,49,0
8,3,2015,10,36,18,0
8,3,2015,11,1,36,0
8,3,2015,11,59,3,0
8,3,2015,11,59,11,0
8,3,2015,12,7,35,0
8,3,2015,12,14,9,0
8,3,2015,13,10,34,0
8,3,2015,13,14,23,0
8,3,2015,13,15,42,0
8,3,2015,13,39,42,0
8,3,2015,13,59,54,0
8,3,2015,14,28,27,0
8,3,2015,14,58,30,0
8,3,2015,15,38,11,0
8,3,2015,15,44,57,0
8,3,2015,15,54,17,0
8,3,2015,16,8,7,0
8,3,2015,16,16,51,0
8,3,2015,16,21,26,0
8,3,2015,16,26,9,0
8,3,2015,16,29,6,0
8,3,2015,16,48,19,0
8,3,2015,16,59,12,0
8,3,2015,17,14,10,0
8,3,2015,17,31,40,0
8,3,2015,17,38,58,0
8,3,2015,17,54,45,0
8,3,2015,18,0,11,0
8,3,2015,18,0,51,0
8,3,2015,18,1,18,0
8,3,2015,18,2,8,0
8,3,2015,18,2,45,0
8,3,2015,18,9,16,0
8,3,2015,18,17,50,0
8,3,2015,18,23,27,0
8,3,2015,18,25,43,0
8,3,2015,18,35,14,0
8,3,2015,18,48,25,0
8,3,2015,18,49,8,0
8,3,2015,18,51,18,0
8,3,2015,19,8,33,0
8,3,2015,19,13,46,0
8,3,2015,19,14,5,0
8,3,2015,19,21,38,0
8,3,2015,19,33,14,0
8,3,2015,19,41,38,0
8,3,2015,19,46,51,0
8,3,2015,19,50,20,0
8,3,2015,19,58,56,0
8,3,2015,20,4,0,0
8,3,2015,20,5,47,0
8,3,2015,20,23,45,0
8,3,2015,20,37,9,0
8,3,2015,20,41,20,0
8,3,2015,20,53,1,0
8,3,2015,21,2,36,0
8,3,2015,21,6,55,0
8,3,2015,21,8,48,0
8,3,2015,21,15,24,0
8,3,2015,21,16,23,0
8,3,2015,21,36,39,0
8,3,2015,21,36,56,0
8,3,2015,22,0,54,0
8,3,2015,22,32,46,0
8,3,2015,23,5,39,0
8,3,2015,23,47,33,0
8,3,2015,23,47,51,0
8,3,2015,23,47,51,0
8,4,2015,5,36,54,1
8,4,2015,5,53,9,1
8,4,2015,6,19,32,1
8,4,2015,6,31,8,1
8,4,2015,6,38,29,1
8,4,2015,6,44,50,1
8,4,2015,6,45,59,1
8,4,2015,6,54,28,1
8,4,2015,7,2,45,1
8,4,2015,7,3,56,1
8,4,2015,7,8,20,1
8,4,2015,7,23,46,1
8,4,2015,7,25,14,1
8,4,2015,7,29,17,1
8,4,2015,7,30,6,1
8,4,2015,7,32,26,1
8,4,2015,7,32,34,1
8,4,2015,7,36,16,1
8,4,2015,7,42,45,1
8,4,2015,7,43,41,1
8,4,2015,7,48,56,1
8,4,2015,7,52,42,1
8,4,2015,7,55,58,1
8,4,2015,7,56,5,1
8,4,2015,7,58,4,1
8,4,2015,7,58,49,1
8,4,2015,8,1,21,1
8,4,2015,8,1,41,1
8,4,2015,8,2,56,1
8,4,2015,8,4,54,1
8,4,2015,8,7,22,1
8,4,2015,8,7,50,1
8,4,2015,8,12,33,1
8,4,2015,8,13,33,1
8,4,2015,8,14,50,1
8,4,2015,8,15,25,1
8,4,2015,8,15,54,1
8,4,2015,8,16,57,1
8,4,2015,8,18,29,1
8,4,2015,8,23,50,1
8,4,2015,8,24,18,1
8,4,2015,8,29,41,1
8,4,2015,8,31,47,1
8,4,2015,8,32,43,1
8,4,2015,8,34,35,1
8,4,2015,8,36,44,1
8,4,2015,8,37,20,1
8,4,2015,8,39,0,1
8,4,2015,8,39,17,1
8,4,2015,8,44,1,1
8,4,2015,8,45,51,1
8,4,2015,8,48,36,1
8,4,2015,9,10,8,1
8,4,2015,9,12,10,1
8,4,2015,9,34,39,1
8,4,2015,9,38,18,1
8,4,2015,9,46,22,1
8,4,2015,11,12,54,1
8,4,2015,11,37,16,1
8,4,2015,11,38,12,1
8,4,2015,11,43,20,1
8,4,2015,12,12,11,1
8,4,2015,12,24,39,1
8,4,2015,12,46,28,1
8,4,2015,12,58,11,1
8,4,2015,13,35,16,1
8,4,2015,13,35,48,1
8,4,2015,13,39,16,1
8,4,2015,13,44,5,1
8,4,2015,13,50,45,1
8,4,2015,13,55,9,1
8,4,2015,13,59,21,1
8,4,2015,14,10,37,1
8,4,2015,15,20,46,1
8,4,2015,15,34,12,1
8,4,2015,16,0,55,1
8,4,2015,16,8,31,1
8,4,2015,16,14,9,1
8,4,2015,16,15,14,1
8,4,2015,16,18,51,1
8,4,2015,16,23,57,1
8,4,2015,16,32,1,1
8,4,2015,16,40,13,1
8,4,2015,16,46,20,1
8,4,2015,16,53,4,1
8,4,2015,16,53,7,1
8,4,2015,17,2,15,1
8,4,2015,17,3,24,1
8,4,2015,17,4,54,1
8,4,2015,17,7,11,1
8,4,2015,17,7,45,1
8,4,2015,17,17,34,1
8,4,2015,17,32,57,1
8,4,2015,17,41,13,1
8,4,2015,17,51,6,1
8,4,2015,17,51,6,1
8,4,2015,18,9,9,1
8,4,2015,18,9,59,1
8,4,2015,18,16,47,1
8,4,2015,18,34,47,1
8,4,2015,18,37,26,1
8,4,2015,18,39,3,1
8,4,2015,18,43,37,1
8,4,2015,18,48,1,1
8,4,2015,18,49,13,1
8,4,2015,18,51,57,1
8,4,2015,18,58,35,1
8,4,2015,19,0,22,1
8,4,2015,19,7,45,1
8,4,2015,19,15,2,1
8,4,2015,19,15,38,1
8,4,2015,19,21,4,1
8,4,2015,19,26,35,1
8,4,2015,19,26,54,1
8,4,2015,19,28,34,1
8,4,2015,19,41,20,1
8,4,2015,20,0,52,1
8,4,2015,20,9,37,1
8,4,2015,20,17,16,1
8,4,2015,20,27,26,1
8,4,2015,20,42,21,1
8,4,2015,20,47,21,1
8,4,2015,21,2,58,1
8,4,2015,21,12,31,1
8,4,2015,21,19,24,1
8,4,2015,21,54,25,1
8,4,2015,22,20,51,1
8,4,2015,22,22,26,1
8,4,2015,22,27,23,1
8,4,2015,22,42,34,1
8,4,2015,23,22,52,1
8,4,2015,23,34,9,1
8,4,2015,23,34,36,1
8,4,2015,23,34,56,1
8,4,2015,23,38,11,1
8,4,2015,23,59,7,1
8,5,2015,3,41,32,2
8,5,2015,3,42,7,2
8,5,2015,5,43,46,2
8,5,2015,6,10,28,2
8,5,2015,6,16,34,2
8,5,2015,6,39,26,2
8,5,2015,6,43,14,2
8,5,2015,6,44,25,2
8,5,2015,6,47,12,2
8,5,2015,6,51,29,2
8,5,2015,6,51,42,2
8,5,2015,7,10,46,2
8,5,2015,7,21,54,2
8,5,2015,7,24,35,2
8,5,2015,7,27,0,2
8,5,2015,7,31,47,2
8,5,2015,7,34,4,2
8,5,2015,7,34,58,2
8,5,2015,7,38,10,2
8,5,2015,7,39,37,2
8,5,2015,7,40,17,2
8,5,2015,7,41,28,2
8,5,2015,7,43,32,2
8,5,2015,7,43,52,2
8,5,2015,7,43,55,2
8,5,2015,7,46,22,2
8,5,2015,7,46,59,2
8,5,2015,7,47,45,2
8,5,2015,7,47,51,2
8,5,2015,7,54,27,2
8,5,2015,7,54,49,2
8,5,2015,7,54,54,2
8,5,2015,7,56,1,2
8,5,2015,7,57,54,2
8,5,2015,7,58,17,2
8,5,2015,7,59,46,2
8,5,2015,7,59,53,2
8,5,2015,8,2,57,2
8,5,2015,8,9,6,2
8,5,2015,8,9,13,2
8,5,2015,8,11,1,2
8,5,2015,8,11,22,2
8,5,2015,8,18,29,2
8,5,2015,8,18,30,2
8,5,2015,8,39,34,2
8,5,2015,9,21,11,2
8,5,2015,9,32,31,2
8,5,2015,9,55,4,2
8,5,2015,11,28,12,2
8,5,2015,11,28,13,2
8,5,2015,11,45,41,2
8,5,2015,12,2,54,2
8,5,2015,12,6,11,2
8,5,2015,12,15,18,2
8,5,2015,12,16,39,2
8,5,2015,12,19,27,2
8,5,2015,12,23,34,2
8,5,2015,13,18,19,2
8,5,2015,13,23,0,2
8,5,2015,13,35,2,2
8,5,2015,13,38,20,2
8,5,2015,14,0,43,2
8,5,2015,14,4,23,2
8,5,2015,14,5,31,2
8,5,2015,14,43,34,2
8,5,2015,14,44,33,2
8,5,2015,15,2,56,2
8,5,2015,15,7,50,2
8,5,2015,15,10,38,2
8,5,2015,15,20,11,2
8,5,2015,15,35,55,2
8,5,2015,15,41,57,2
8,5,2015,15,54,26,2
8,5,2015,16,0,38,2
8,5,2015,16,1,13,2
8,5,2015,16,1,13,2
8,5,2015,16,1,18,2
8,5,2015,16,1,46,2
8,5,2015,16,2,6,2
8,5,2015,16,5,9,2
8,5,2015,16,6,57,2
8,5,2015,16,31,41,2
8,5,2015,16,57,53,2
8,5,2015,17,8,55,2
8,5,2015,17,11,45,2
8,5,2015,17,12,2,2
8,5,2015,17,15,49,2
8,5,2015,17,19,35,2
8,5,2015,17,23,22,2
8,5,2015,17,23,32,2
8,5,2015,17,34,47,2
8,5,2015,17,35,34,2
8,5,2015,17,35,55,2
8,5,2015,17,37,33,2
8,5,2015,17,55,35,2
8,5,2015,17,55,53,2
8,5,2015,17,58,45,2
8,5,2015,18,1,22,2
8,5,2015,18,5,18,2
8,5,2015,18,6,0,2
8,5,2015,18,11,48,2
8,5,2015,18,23,46,2
8,5,2015,18,37,5,2
8,5,2015,18,44,14,2
8,5,2015,18,55,7,2
8,5,2015,18,59,47,2
8,5,2015,18,59,51,2
8,5,2015,19,2,32,2
8,5,2015,19,9,6,2
8,5,2015,19,14,23,2
8,5,2015,19,19,37,2
8,5,2015,19,27,22,2
8,5,2015,19,27,42,2
8,5,2015,19,32,48,2
8,5,2015,19,39,21,2
8,5,2015,19,46,58,2
8,5,2015,19,49,8,2
8,5,2015,19,49,43,2
8,5,2015,19,56,47,2
8,5,2015,20,11,16,2
8,5,2015,21,2,38,2
8,5,2015,21,9,3,2
8,5,2015,21,20,4,2
8,5,2015,21,21,57,2
8,5,2015,21,43,53,2
8,5,2015,21,52,11,2
8,5,2015,21,53,5,2
8,5,2015,21,53,24,2
8,5,2015,21,56,26,2
8,5,2015,21,58,9,2
8,5,2015,21,58,13,2
8,5,2015,22,23,41,2
8,5,2015,22,23,41,2
8,5,2015,22,29,5,2
8,5,2015,23,3,20,2
8,6,2015,1,40,33,3
8,6,2015,4,2,38,3
8,6,2015,5,38,44,3
8,6,2015,5,52,8,3
8,6,2015,5,54,9,3
8,6,2015,6,16,45,3
8,6,2015,6,22,25,3
8,6,2015,6,45,46,3
8,6,2015,6,56,10,3
8,6,2015,7,9,28,3
8,6,2015,7,10,3,3
8,6,2015,7,12,24,3
8,6,2015,7,13,0,3
8,6,2015,7,14,18,3
8,6,2015,7,16,50,3
8,6,2015,7,23,4,3
8,6,2015,7,24,56,3
8,6,2015,7,30,32,3
8,6,2015,7,33,31,3
8,6,2015,7,34,43,3
8,6,2015,7,39,22,3
8,6,2015,7,42,20,3
8,6,2015,7,46,31,3
8,6,2015,7,47,24,3
8,6,2015,7,48,32,3
8,6,2015,7,52,36,3
8,6,2015,7,57,37,3
8,6,2015,8,2,28,3
8,6,2015,8,3,19,3
8,6,2015,8,3,26,3
8,6,2015,8,7,48,3
8,6,2015,8,11,27,3
8,6,2015,8,11,41,3
8,6,2015,8,12,25,3
8,6,2015,8,12,46,3
8,6,2015,8,14,29,3
8,6,2015,8,15,8,3
8,6,2015,8,17,56,3
8,6,2015,8,17,57,3
8,6,2015,8,18,8,3
8,6,2015,8,20,13,3
8,6,2015,8,20,13,3
8,6,2015,8,21,33,3
8,6,2015,8,22,23,3
8,6,2015,8,24,31,3
8,6,2015,8,25,19,3
8,6,2015,9,7,16,3
8,6,2015,9,12,11,3
8,6,2015,9,24,52,3
8,6,2015,10,42,40,3
8,6,2015,11,31,28,3
8,6,2015,11,34,26,3
8,6,2015,11,40,59,3
8,6,2015,11,50,59,3
8,6,2015,11,58,20,3
8,6,2015,12,2,34,3
8,6,2015,12,3,44,3
8,6,2015,12,28,17,3
8,6,2015,12,33,55,3
8,6,2015,12,34,4,3
8,6,2015,12,36,18,3
8,6,2015,12,42,9,3
8,6,2015,12,53,33,3
8,6,2015,13,27,56,3
8,6,2015,13,36,57,3
8,6,2015,13,55,25,3
8,6,2015,14,0,19,3
8,6,2015,14,2,8,3
8,6,2015,14,8,30,3
8,6,2015,14,37,46,3
8,6,2015,15,50,25,3
8,6,2015,15,52,56,3
8,6,2015,15,56,43,3
8,6,2015,16,14,0,3
8,6,2015,16,20,40,3
8,6,2015,16,31,38,3
8,6,2015,16,32,3,3
8,6,2015,16,35,33,3
8,6,2015,16,46,8,3
8,6,2015,16,57,3,3
8,6,2015,17,2,18,3
8,6,2015,17,7,27,3
8,6,2015,17,15,2,3
8,6,2015,17,22,19,3
8,6,2015,17,45,58,3
8,6,2015,17,52,26,3
8,6,2015,18,0,48,3
8,6,2015,18,8,37,3
8,6,2015,18,11,24,3
8,6,2015,18,22,29,3
8,6,2015,18,33,44,3
8,6,2015,18,37,13,3
8,6,2015,18,41,59,3
8,6,2015,18,42,44,3
8,6,2015,18,43,16,3
8,6,2015,18,48,0,3
8,6,2015,18,52,37,3
8,6,2015,18,54,36,3
8,6,2015,19,4,12,3
8,6,2015,19,6,59,3
8,6,2015,19,9,50,3
8,6,2015,19,16,11,3
8,6,2015,19,20,14,3
8,6,2015,19,36,49,3
8,6,2015,19,38,6,3
8,6,2015,19,38,28,3
8,6,2015,19,38,54,3
8,6,2015,19,43,0,3
8,6,2015,19,43,26,3
8,6,2015,19,50,46,3
8,6,2015,19,55,21,3
8,6,2015,20,4,45,3
8,6,2015,20,9,17,3
8,6,2015,20,9,18,3
8,6,2015,20,24,15,3
8,6,2015,20,25,27,3
8,6,2015,20,28,30,3
8,6,2015,20,45,4,3
8,6,2015,21,1,0,3
8,6,2015,21,1,57,3
8,6,2015,21,17,35,3
8,6,2015,21,19,46,3
8,6,2015,21,47,48,3
8,6,2015,21,50,44,3
8,6,2015,22,33,48,3
8,6,2015,23,10,3,3
8,6,2015,23,20,27,3
8,6,2015,23,27,32,3
8,6,2015,23,49,20,3
8,6,2015,23,51,28,3
8,7,2015,0,38,27,4
8,7,2015,0,40,44,4
8,7,2015,0,52,9,4
8,7,2015,0,53,59,4
8,7,2015,1,11,59,4
8,7,2015,5,35,35,4
8,7,2015,6,17,31,4
8,7,2015,6,17,42,4
8,7,2015,6,38,53,4
8,7,2015,6,39,19,4
8,7,2015,6,48,49,4
8,7,2015,7,3,2,4
8,7,2015,7,13,9,4
8,7,2015,7,18,26,4
8,7,2015,7,18,48,4
8,7,2015,7,19,6,4
8,7,2015,7,21,59,4
8,7,2015,7,28,14,4
8,7,2015,7,30,32,4
8,7,2015,7,36,23,4
8,7,2015,7,40,47,4
8,7,2015,7,42,25,4
8,7,2015,7,44,30,4
8,7,2015,7,46,25,4
8,7,2015,7,47,17,4
8,7,2015,7,49,40,4
8,7,2015,7,51,40,4
8,7,2015,7,51,50,4
8,7,2015,7,52,48,4
8,7,2015,7,56,7,4
8,7,2015,7,57,42,4
8,7,2015,7,57,50,4
8,7,2015,7,58,39,4
8,7,2015,8,6,12,4
8,7,2015,8,6,12,4
8,7,2015,8,13,20,4
8,7,2015,8,13,20,4
8,7,2015,8,16,27,4
8,7,2015,8,16,28,4
8,7,2015,8,16,55,4
8,7,2015,8,17,5,4
8,7,2015,8,18,12,4
8,7,2015,8,19,7,4
8,7,2015,8,19,16,4
8,7,2015,8,28,22,4
8,7,2015,8,36,34,4
8,7,2015,9,4,53,4
8,7,2015,9,6,8,4
8,7,2015,9,11,28,4
8,7,2015,9,23,37,4
8,7,2015,9,38,8,4
8,7,2015,9,39,50,4
8,7,2015,9,58,22,4
8,7,2015,10,15,22,4
8,7,2015,10,21,42,4
8,7,2015,11,38,36,4
8,7,2015,11,43,46,4
8,7,2015,11,50,34,4
8,7,2015,12,0,53,4
8,7,2015,12,3,27,4
8,7,2015,12,26,53,4
8,7,2015,13,2,13,4
8,7,2015,13,3,54,4
8,7,2015,13,10,25,4
8,7,2015,13,15,28,4
8,7,2015,13,36,35,4
8,7,2015,13,54,19,4
8,7,2015,14,15,1,4
8,7,2015,14,15,41,4
8,7,2015,14,18,10,4
8,7,2015,14,20,37,4
8,7,2015,14,20,44,4
8,7,2015,14,29,28,4
8,7,2015,14,29,49,4
8,7,2015,14,34,51,4
8,7,2015,14,35,13,4
8,7,2015,14,35,43,4
8,7,2015,14,41,48,4
8,7,2015,14,56,23,4
8,7,2015,14,57,13,4
8,7,2015,15,1,36,4
8,7,2015,15,5,19,4
8,7,2015,15,9,46,4
8,7,2015,15,14,52,4
8,7,2015,15,21,28,4
8,7,2015,15,23,31,4
8,7,2015,15,38,52,4
8,7,2015,15,42,53,4
8,7,2015,15,43,16,4
8,7,2015,15,47,5,4
8,7,2015,15,54,2,4
8,7,2015,15,57,3,4
8,7,2015,16,4,42,4
8,7,2015,16,6,18,4
8,7,2015,16,8,19,4
8,7,2015,16,9,21,4
8,7,2015,16,10,19,4
8,7,2015,16,29,46,4
8,7,2015,16,30,24,4
8,7,2015,16,32,50,4
8,7,2015,16,49,11,4
8,7,2015,17,2,13,4
8,7,2015,17,4,42,4
8,7,2015,17,10,19,4
8,7,2015,17,11,11,4
8,7,2015,17,11,25,4
8,7,2015,17,11,37,4
8,7,2015,17,14,1,4
8,7,2015,17,15,6,4
8,7,2015,17,15,23,4
8,7,2015,17,15,33,4
8,7,2015,17,23,48,4
8,7,2015,17,34,1,4
8,7,2015,17,37,8,4
8,7,2015,17,42,45,4
8,7,2015,17,43,24,4
8,7,2015,18,15,12,4
8,7,2015,18,25,7,4
8,7,2015,18,29,36,4
8,7,2015,18,29,55,4
8,7,2015,18,31,50,4
8,7,2015,18,40,53,4
8,7,2015,18,41,49,4
8,7,2015,19,3,4,4
8,7,2015,19,12,22,4
8,7,2015,19,15,54,4
8,7,2015,19,22,22,4
8,7,2015,19,25,1,4
8,7,2015,19,46,19,4
8,7,2015,19,57,2,4
8,7,2015,20,2,35,4
8,7,2015,20,4,19,4
8,7,2015,20,6,38,4
8,7,2015,20,11,26,4
8,7,2015,20,11,32,4
8,7,2015,20,34,26,4
8,7,2015,20,54,45,4
8,7,2015,20,57,36,4
8,7,2015,21,48,7,4
8,7,2015,21,48,41,4
8,7,2015,22,26,26,4
8,7,2015,22,26,36,4
8,8,2015,0,1,8,5
8,8,2015,0,19,19,5
8,8,2015,0,58,13,5
8,8,2015,0,59,12,5
8,8,2015,1,3,9,5
8,8,2015,2,57,42,5
8,8,2015,3,8,42,5
8,8,2015,4,11,28,5
8,8,2015,5,24,23,5
8,8,2015,6,37,55,5
8,8,2015,7,4,53,5
8,8,2015,7,17,30,5
8,8,2015,7,25,7,5
8,8,2015,7,45,51,5
8,8,2015,8,2,55,5
8,8,2015,8,4,35,5
8,8,2015,8,15,40,5
8,8,2015,8,27,31,5
8,8,2015,8,39,53,5
8,8,2015,8,43,22,5
8,8,2015,8,57,52,5
8,8,2015,9,0,53,5
8,8,2015,9,7,4,5
8,8,2015,9,29,58,5
8,8,2015,9,32,3,5
8,8,2015,9,47,17,5
8,8,2015,9,48,40,5
8,8,2015,9,51,31,5
8,8,2015,9,56,45,5
8,8,2015,9,57,59,5
8,8,2015,9,58,49,5
8,8,2015,9,59,56,5
8,8,2015,10,4,7,5
8,8,2015,10,14,57,5
8,8,2015,10,27,37,5
8,8,2015,10,29,48,5
8,8,2015,10,34,47,5
8,8,2015,10,45,29,5
8,8,2015,10,45,34,5
8,8,2015,10,48,2,5
8,8,2015,10,50,5,5
8,8,2015,11,2,42,5
8,8,2015,11,3,28,5
8,8,2015,11,5,59,5
8,8,2015,11,6,55,5
8,8,2015,11,16,32,5
8,8,2015,11,18,1,5
8,8,2015,11,18,13,5
8,8,2015,11,30,59,5
8,8,2015,11,34,44,5
8,8,2015,11,34,53,5
8,8,2015,11,35,11,5
8,8,2015,11,35,29,5
8,8,2015,11,35,56,5
8,8,2015,12,6,25,5
8,8,2015,12,10,57,5
8,8,2015,12,11,29,5
8,8,2015,12,12,33,5
8,8,2015,12,12,53,5
8,8,2015,12,30,24,5
8,8,2015,12,30,24,5
8,8,2015,12,30,59,5
8,8,2015,12,32,32,5
8,8,2015,12,36,40,5
8,8,2015,12,36,41,5
8,8,2015,12,40,10,5
8,8,2015,12,55,32,5
8,8,2015,12,56,42,5
8,8,2015,12,56,42,5
8,8,2015,12,56,43,5
8,8,2015,12,56,54,5
8,8,2015,13,4,14,5
8,8,2015,13,4,14,5
8,8,2015,13,6,48,5
8,8,2015,13,9,43,5
8,8,2015,13,9,43,5
8,8,2015,13,9,43,5
8,8,2015,13,13,10,5
8,8,2015,13,18,39,5
8,8,2015,13,28,13,5
8,8,2015,13,29,7,5
8,8,2015,13,29,15,5
8,8,2015,13,29,40,5
8,8,2015,13,29,51,5
8,8,2015,13,29,54,5
8,8,2015,13,34,32,5
8,8,2015,13,50,21,5
8,8,2015,14,7,26,5
8,8,2015,14,9,37,5
8,8,2015,14,15,5,5
8,8,2015,14,15,10,5
8,8,2015,14,15,31,5
8,8,2015,14,18,7,5
8,8,2015,14,18,33,5
8,8,2015,14,22,56,5
8,8,2015,14,24,25,5
8,8,2015,14,24,27,5
8,8,2015,14,27,13,5
8,8,2015,14,33,22,5
8,8,2015,14,33,25,5
8,8,2015,14,39,7,5
8,8,2015,14,45,3,5
8,8,2015,14,47,4,5
8,8,2015,14,50,20,5
8,8,2015,14,50,55,5
8,8,2015,15,9,17,5
8,8,2015,15,12,8,5
8,8,2015,15,16,5,5
8,8,2015,15,25,27,5
8,8,2015,15,32,44,5
8,8,2015,15,36,49,5
8,8,2015,15,50,56,5
8,8,2015,15,50,57,5
8,8,2015,15,54,52,5
8,8,2015,16,12,23,5
8,8,2015,16,39,33,5
8,8,2015,16,45,26,5
8,8,2015,16,45,53,5
8,8,2015,16,53,42,5
8,8,2015,17,1,23,5
8,8,2015,17,1,47,5
8,8,2015,17,2,52,5
8,8,2015,17,9,54,5
8,8,2015,17,20,12,5
8,8,2015,17,28,19,5
8,8,2015,17,30,1,5
8,8,2015,17,30,10,5
8,8,2015,17,42,1,5
8,8,2015,17,42,2,5
8,8,2015,17,52,35,5
8,8,2015,17,56,59,5
8,8,2015,18,1,53,5
8,8,2015,18,10,29,5
8,8,2015,18,18,37,5
8,8,2015,18,27,31,5
8,8,2015,18,35,56,5
8,8,2015,18,36,54,5
8,8,2015,18,57,22,5
8,8,2015,18,58,20,5
8,8,2015,18,58,46,5
8,8,2015,19,9,4,5
8,8,2015,19,10,5,5
8,8,2015,19,14,48,5
8,8,2015,19,45,48,5
8,8,2015,19,53,49,5
8,8,2015,19,53,58,5
8,8,2015,19,55,39,5
8,8,2015,19,58,15,5
8,8,2015,20,5,6,5
8,8,2015,20,5,7,5
8,8,2015,20,5,53,5
8,8,2015,20,6,4,5
8,8,2015,20,6,33,5
8,8,2015,20,7,1,5
8,8,2015,20,22,20,5
8,8,2015,20,28,55,5
8,8,2015,20,55,49,5
8,8,2015,21,0,36,5
8,8,2015,21,0,43,5
8,8,2015,21,42,21,5
8,8,2015,21,42,23,5
8,8,2015,22,17,11,5
8,8,2015,22,43,56,5
8,8,2015,23,8,7,5
8,8,2015,23,25,23,5
8,9,2015,0,44,41,6
8,9,2015,1,1,3,6
8,9,2015,1,18,52,6
8,9,2015,2,2,8,6
8,9,2015,2,4,11,6
8,9,2015,2,47,33,6
8,9,2015,2,58,47,6
8,9,2015,4,33,57,6
8,9,2015,5,52,32,6
8,9,2015,6,34,30,6
8,9,2015,7,0,41,6
8,9,2015,7,41,12,6
8,9,2015,8,45,33,6
8,9,2015,9,13,4,6
8,9,2015,9,36,7,6
8,9,2015,9,57,3,6
8,9,2015,10,2,2,6
8,9,2015,10,3,21,6
8,9,2015,10,3,22,6
8,9,2015,10,3,47,6
8,9,2015,10,4,20,6
8,9,2015,10,7,15,6
8,9,2015,10,9,2,6
8,9,2015,10,50,13,6
8,9,2015,10,53,3,6
8,9,2015,10,58,8,6
8,9,2015,11,1,44,6
8,9,2015,11,4,48,6
8,9,2015,11,6,49,6
8,9,2015,11,13,22,6
8,9,2015,11,13,23,6
8,9,2015,11,16,18,6
8,9,2015,11,19,13,6
8,9,2015,11,22,4,6
8,9,2015,11,24,44,6
8,9,2015,11,24,58,6
8,9,2015,11,29,31,6
8,9,2015,11,29,41,6
8,9,2015,11,51,25,6
8,9,2015,12,0,21,6
8,9,2015,12,6,59,6
8,9,2015,12,6,59,6
8,9,2015,12,9,48,6
8,9,2015,12,15,52,6
8,9,2015,12,29,4,6
8,9,2015,12,31,54,6
8,9,2015,12,32,1,6
8,9,2015,12,37,52,6
8,9,2015,12,38,9,6
8,9,2015,12,43,53,6
8,9,2015,12,44,11,6
8,9,2015,12,50,41,6
8,9,2015,12,51,21,6
8,9,2015,13,1,45,6
8,9,2015,13,1,45,6
8,9,2015,13,12,22,6
8,9,2015,13,12,26,6
8,9,2015,13,17,10,6
8,9,2015,13,20,26,6
8,9,2015,13,22,15,6
8,9,2015,13,22,42,6
8,9,2015,13,23,19,6
8,9,2015,13,26,13,6
8,9,2015,13,32,41,6
8,9,2015,13,43,4,6
8,9,2015,13,44,36,6
8,9,2015,13,47,45,6
8,9,2015,13,48,35,6
8,9,2015,13,54,48,6
8,9,2015,13,56,58,6
8,9,2015,13,57,2,6
8,9,2015,14,8,10,6
8,9,2015,14,17,54,6
8,9,2015,14,19,50,6
8,9,2015,14,20,43,6
8,9,2015,14,22,34,6
8,9,2015,14,27,55,6
8,9,2015,14,30,27,6
8,9,2015,14,37,46,6
8,9,2015,14,39,32,6
8,9,2015,14,43,0,6
8,9,2015,14,45,18,6
8,9,2015,14,48,4,6
8,9,2015,14,48,45,6
8,9,2015,14,57,9,6
8,9,2015,14,59,31,6
8,9,2015,15,3,36,6
8,9,2015,15,7,50,6
8,9,2015,15,8,13,6
8,9,2015,15,11,49,6
8,9,2015,15,34,16,6
8,9,2015,15,34,15,6
8,9,2015,15,37,14,6
8,9,2015,15,39,20,6
8,9,2015,15,39,22,6
8,9,2015,15,50,20,6
8,9,2015,15,50,21,6
8,9,2015,15,51,10,6
8,9,2015,15,51,38,6
8,9,2015,15,56,4,6
8,9,2015,16,2,21,6
8,9,2015,16,34,7,6
8,9,2015,16,34,22,6
8,9,2015,16,38,5,6
8,9,2015,16,46,28,6
8,9,2015,16,46,49,6
8,9,2015,17,12,11,6
8,9,2015,17,23,23,6
8,9,2015,17,24,36,6
8,9,2015,17,27,54,6
8,9,2015,17,28,7,6
8,9,2015,17,28,7,6
8,9,2015,17,29,52,6
8,9,2015,17,54,21,6
8,9,2015,18,15,12,6
8,9,2015,18,15,26,6
8,9,2015,18,16,42,6
8,9,2015,18,16,43,6
8,9,2015,18,16,53,6
8,9,2015,18,17,13,6
8,9,2015,18,17,31,6
8,9,2015,18,18,43,6
8,9,2015,18,21,19,6
8,9,2015,18,21,55,6
8,9,2015,18,24,4,6
8,9,2015,18,25,28,6
8,9,2015,18,32,18,6
8,9,2015,18,32,28,6
8,9,2015,18,32,32,6
8,9,2015,18,33,23,6
8,9,2015,18,40,1,6
8,9,2015,18,40,23,6
8,9,2015,18,40,24,6
8,9,2015,18,46,40,6
8,9,2015,18,47,2,6
8,9,2015,18,50,55,6
8,9,2015,18,58,44,6
8,9,2015,18,58,46,6
8,9,2015,19,4,33,6
8,9,2015,19,7,24,6
8,9,2015,19,14,57,6
8,9,2015,19,26,47,6
8,9,2015,19,34,37,6
8,9,2015,19,49,30,6
8,9,2015,19,51,34,6
8,9,2015,19,57,5,6
8,9,2015,19,59,58,6
8,9,2015,20,27,36,6
8,9,2015,21,8,25,6
8,9,2015,21,30,39,6
8,9,2015,21,41,37,6
8,9,2015,21,45,44,6
8,9,2015,21,46,4,6
8,9,2015,21,46,39,6
8,9,2015,21,56,46,6
8,9,2015,22,22,10,6
8,10,2015,2,29,10,0
8,10,2015,5,35,46,0
8,10,2015,5,53,49,0
8,10,2015,6,14,4,0
8,10,2015,6,27,16,0
8,10,2015,6,29,57,0
8,10,2015,6,35,24,0
8,10,2015,6,40,47,0
8,10,2015,7,6,6,0
8,10,2015,7,14,30,0
8,10,2015,7,23,17,0
8,10,2015,7,28,54,0
8,10,2015,7,33,45,0
8,10,2015,7,42,32,0
8,10,2015,7,43,28,0
8,10,2015,7,46,33,0
8,10,2015,7,55,20,0
8,10,2015,8,42,51,0
8,10,2015,8,44,9,0
8,10,2015,9,7,4,0
8,10,2015,9,28,28,0
8,10,2015,9,47,26,0
8,10,2015,10,16,25,0
8,10,2015,10,53,29,0
8,10,2015,10,58,30,0
8,10,2015,11,20,37,0
8,10,2015,11,29,40,0
8,10,2015,11,33,12,0
8,10,2015,11,50,12,0
8,10,2015,12,16,35,0
8,10,2015,12,29,22,0
8,10,2015,12,58,30,0
8,10,2015,13,18,12,0
8,10,2015,13,20,34,0
8,10,2015,13,44,13,0
8,10,2015,13,58,7,0
8,10,2015,14,24,31,0
8,10,2015,14,40,25,0
8,10,2015,14,47,56,0
8,10,2015,14,54,27,0
8,10,2015,14,54,33,0
8,10,2015,14,58,55,0
8,10,2015,15,2,40,0
8,10,2015,15,12,21,0
8,10,2015,15,45,19,0
8,10,2015,16,1,16,0
8,10,2015,16,11,39,0
8,10,2015,16,14,25,0
8,10,2015,16,25,31,0
8,10,2015,16,25,54,0
8,10,2015,16,59,39,0
8,10,2015,17,2,17,0
8,10,2015,17,10,29,0
8,10,2015,17,22,27,0
8,10,2015,17,26,47,0
8,10,2015,17,28,23,0
8,10,2015,17,39,14,0
8,10,2015,17,43,39,0
8,10,2015,17,49,19,0
8,10,2015,17,54,2,0
8,10,2015,17,59,45,0
8,10,2015,18,0,18,0
8,10,2015,18,12,53,0
8,10,2015,18,21,10,0
8,10,2015,18,22,1,0
8,10,2015,18,24,52,0
8,10,2015,18,25,39,0
8,10,2015,18,33,41,0
8,10,2015,18,34,57,0
8,10,2015,18,47,41,0
8,10,2015,18,55,58,0
8,10,2015,19,0,51,0
8,10,2015,19,6,46,0
8,10,2015,19,6,54,0
8,10,2015,19,8,57,0
8,10,2015,19,9,3,0
8,10,2015,19,9,6,0
8,10,2015,19,18,44,0
8,10,2015,19,46,26,0
8,10,2015,19,46,56,0
8,10,2015,19,50,41,0
8,10,2015,20,4,23,0
8,10,2015,20,24,48,0
8,10,2015,20,45,48,0
8,10,2015,21,2,22,0
8,10,2015,21,12,43,0
8,10,2015,21,42,42,0
8,10,2015,21,52,33,0
8,10,2015,21,53,28,0
8,10,2015,22,10,39,0
8,10,2015,22,22,47,0
8,10,2015,23,10,52,0
8,10,2015,23,13,15,0
8,10,2015,23,23,19,0
8,10,2015,23,28,27,0
8,10,2015,23,28,27,0
8,11,2015,0,31,57,1
8,11,2015,0,33,7,1
8,11,2015,5,15,34,1
8,11,2015,5,36,32,1
8,11,2015,6,34,8,1
8,11,2015,7,15,11,1
8,11,2015,7,35,38,1
8,11,2015,7,57,46,1
8,11,2015,8,14,49,1
8,11,2015,8,15,3,1
8,11,2015,8,18,45,1
8,11,2015,8,21,45,1
8,11,2015,8,27,21,1
8,11,2015,8,29,33,1
8,11,2015,8,30,14,1
8,11,2015,8,37,10,1
8,11,2015,8,38,15,1
8,11,2015,8,41,31,1
8,11,2015,9,0,59,1
8,11,2015,9,6,8,1
8,11,2015,9,14,16,1
8,11,2015,9,44,10,1
8,11,2015,9,55,54,1
8,11,2015,9,59,8,1
8,11,2015,10,53,2,1
8,11,2015,11,4,28,1
8,11,2015,12,24,24,1
8,11,2015,12,26,47,1
8,11,2015,12,47,31,1
8,11,2015,13,23,18,1
8,11,2015,13,52,23,1
8,11,2015,14,18,55,1
8,11,2015,14,47,57,1
8,11,2015,15,5,25,1
8,11,2015,15,33,3,1
8,11,2015,15,37,17,1
8,11,2015,15,37,35,1
8,11,2015,15,40,26,1
8,11,2015,15,41,41,1
8,11,2015,15,44,22,1
8,11,2015,15,53,12,1
8,11,2015,16,6,36,1
8,11,2015,16,11,57,1
8,11,2015,16,37,8,1
8,11,2015,16,44,55,1
8,11,2015,16,48,45,1
8,11,2015,16,50,33,1
8,11,2015,16,55,47,1
8,11,2015,17,12,9,1
8,11,2015,17,13,2,1
8,11,2015,17,23,45,1
8,11,2015,17,39,46,1
8,11,2015,17,43,43,1
8,11,2015,17,45,14,1
8,11,2015,17,54,47,1
8,11,2015,18,12,29,1
8,11,2015,18,15,40,1
8,11,2015,18,17,7,1
8,11,2015,18,24,19,1
8,11,2015,18,25,5,1
8,11,2015,18,25,38,1
8,11,2015,18,25,41,1
8,11,2015,18,29,22,1
8,11,2015,18,34,38,1
8,11,2015,19,15,46,1
8,11,2015,19,18,34,1
8,11,2015,19,20,52,1
8,11,2015,19,40,24,1
8,11,2015,19,44,52,1
8,11,2015,20,7,27,1
8,11,2015,20,8,14,1
8,11,2015,20,17,45,1
8,11,2015,20,35,58,1
8,11,2015,20,46,16,1
8,11,2015,20,52,46,1
8,11,2015,20,59,45,1
8,11,2015,21,0,59,1
8,11,2015,21,5,40,1
8,11,2015,21,6,1,1
8,11,2015,21,17,12,1
8,11,2015,21,17,31,1
8,11,2015,22,2,13,1
8,11,2015,22,42,18,1
8,11,2015,22,51,47,1
8,12,2015,5,19,2,2
8,12,2015,5,34,53,2
8,12,2015,5,52,21,2
8,12,2015,6,5,10,2
8,12,2015,6,27,58,2
8,12,2015,6,30,39,2
8,12,2015,6,32,29,2
8,12,2015,6,33,13,2
8,12,2015,6,37,15,2
8,12,2015,6,40,6,2
8,12,2015,6,42,24,2
8,12,2015,6,52,26,2
8,12,2015,7,7,6,2
8,12,2015,7,9,10,2
8,12,2015,7,11,37,2
8,12,2015,7,13,52,2
8,12,2015,7,15,8,2
8,12,2015,7,22,26,2
8,12,2015,7,42,7,2
8,12,2015,7,42,7,2
8,12,2015,7,47,38,2
8,12,2015,7,51,31,2
8,12,2015,7,53,13,2
8,12,2015,7,53,26,2
8,12,2015,7,54,56,2
8,12,2015,7,55,38,2
8,12,2015,7,55,56,2
8,12,2015,7,57,38,2
8,12,2015,7,59,17,2
8,12,2015,8,6,19,2
8,12,2015,8,7,9,2
8,12,2015,8,9,59,2
8,12,2015,8,12,10,2
8,12,2015,8,14,30,2
8,12,2015,8,15,1,2
8,12,2015,8,17,50,2
8,12,2015,8,17,55,2
8,12,2015,8,18,20,2
8,12,2015,8,18,37,2
8,12,2015,8,20,45,2
8,12,2015,8,21,33,2
8,12,2015,8,22,58,2
8,12,2015,8,23,55,2
8,12,2015,8,26,49,2
8,12,2015,8,30,43,2
8,12,2015,8,31,21,2
8,12,2015,8,33,0,2
8,12,2015,8,48,57,2
8,12,2015,8,53,5,2
8,12,2015,9,7,11,2
8,12,2015,9,11,3,2
8,12,2015,9,20,51,2
8,12,2015,9,41,54,2
8,12,2015,10,20,38,2
8,12,2015,10,23,55,2
8,12,2015,10,43,52,2
8,12,2015,11,7,29,2
8,12,2015,11,13,31,2
8,12,2015,11,59,51,2
8,12,2015,12,39,45,2
8,12,2015,12,42,58,2
8,12,2015,12,44,44,2
8,12,2015,13,3,20,2
8,12,2015,13,9,31,2
8,12,2015,13,26,3,2
8,12,2015,13,38,56,2
8,12,2015,14,13,18,2
8,12,2015,14,14,13,2
8,12,2015,14,18,33,2
8,12,2015,14,32,39,2
8,12,2015,14,52,38,2
8,12,2015,14,53,23,2
8,12,2015,14,53,26,2
8,12,2015,14,53,36,2
8,12,2015,15,22,52,2
8,12,2015,15,31,53,2
8,12,2015,15,36,23,2
8,12,2015,15,59,22,2
8,12,2015,16,21,11,2
8,12,2015,16,43,2,2
8,12,2015,17,1,10,2
8,12,2015,17,3,56,2
8,12,2015,17,18,17,2
8,12,2015,17,25,31,2
8,12,2015,17,42,32,2
8,12,2015,17,49,8,2
8,12,2015,17,53,17,2
8,12,2015,17,59,47,2
8,12,2015,18,8,5,2
8,12,2015,18,16,4,2
8,12,2015,18,22,39,2
8,12,2015,18,27,34,2
8,12,2015,18,35,12,2
8,12,2015,18,36,57,2
8,12,2015,18,51,35,2
8,12,2015,19,8,3,2
8,12,2015,19,10,25,2
8,12,2015,19,12,11,2
8,12,2015,19,12,36,2
8,12,2015,19,22,37,2
8,12,2015,19,23,48,2
8,12,2015,19,52,56,2
8,12,2015,19,53,23,2
8,12,2015,20,10,33,2
8,12,2015,20,15,4,2
8,12,2015,21,2,30,2
8,12,2015,21,5,15,2
8,12,2015,21,33,37,2
8,12,2015,21,40,34,2
8,12,2015,22,11,32,2
8,12,2015,22,20,51,2
8,12,2015,22,47,11,2
8,12,2015,23,19,48,2
8,12,2015,23,20,5,2
8,12,2015,23,37,27,2
8,12,2015,23,46,57,2
8,13,2015,0,19,42,3
8,13,2015,0,33,25,3
8,13,2015,3,32,56,3
8,13,2015,5,34,5,3
8,13,2015,5,57,40,3
8,13,2015,6,29,31,3
8,13,2015,6,31,8,3
8,13,2015,6,34,19,3
8,13,2015,6,37,58,3
8,13,2015,6,40,37,3
8,13,2015,6,41,30,3
8,13,2015,6,43,4,3
8,13,2015,6,47,21,3
8,13,2015,6,53,0,3
8,13,2015,6,53,40,3
8,13,2015,6,58,36,3
8,13,2015,7,2,1,3
8,13,2015,7,8,49,3
8,13,2015,7,12,14,3
8,13,2015,7,17,12,3
8,13,2015,7,21,39,3
8,13,2015,7,21,39,3
8,13,2015,7,24,27,3
8,13,2015,7,24,51,3
8,13,2015,7,30,44,3
8,13,2015,7,30,48,3
8,13,2015,7,31,1,3
8,13,2015,7,45,31,3
8,13,2015,7,49,18,3
8,13,2015,7,52,42,3
8,13,2015,7,55,46,3
8,13,2015,7,58,0,3
8,13,2015,7,59,44,3
8,13,2015,8,7,14,3
8,13,2015,8,7,22,3
8,13,2015,8,13,35,3
8,13,2015,8,14,15,3
8,13,2015,8,14,46,3
8,13,2015,8,15,24,3
8,13,2015,8,17,27,3
8,13,2015,8,22,45,3
8,13,2015,8,24,15,3
8,13,2015,8,24,34,3
8,13,2015,8,24,36,3
8,13,2015,8,26,56,3
8,13,2015,8,27,27,3
8,13,2015,8,27,56,3
8,13,2015,8,28,24,3
8,13,2015,8,31,37,3
8,13,2015,8,32,19,3
8,13,2015,8,43,6,3
8,13,2015,8,58,17,3
8,13,2015,9,8,4,3
8,13,2015,9,10,24,3
8,13,2015,9,16,39,3
8,13,2015,9,29,30,3
8,13,2015,9,29,49,3
8,13,2015,9,45,30,3
8,13,2015,10,34,32,3
8,13,2015,10,37,54,3
8,13,2015,11,0,19,3
8,13,2015,11,8,53,3
8,13,2015,11,11,56,3
8,13,2015,11,27,55,3
8,13,2015,11,33,35,3
8,13,2015,12,4,40,3
8,13,2015,12,8,49,3
8,13,2015,12,30,22,3
8,13,2015,12,32,26,3
8,13,2015,12,36,14,3
8,13,2015,12,37,46,3
8,13,2015,12,54,34,3
8,13,2015,12,59,44,3
8,13,2015,13,6,35,3
8,13,2015,13,20,20,3
8,13,2015,13,21,53,3
8,13,2015,13,23,17,3
8,13,2015,13,28,3,3
8,13,2015,13,28,9,3
8,13,2015,13,37,18,3
8,13,2015,13,53,43,3
8,13,2015,13,53,52,3
8,13,2015,14,3,3,3
8,13,2015,14,3,28,3
8,13,2015,14,9,50,3
8,13,2015,14,12,45,3
8,13,2015,14,22,14,3
8,13,2015,14,49,54,3
8,13,2015,15,2,24,3
8,13,2015,15,32,28,3
8,13,2015,15,51,58,3
8,13,2015,15,54,50,3
8,13,2015,16,12,9,3
8,13,2015,16,14,50,3
8,13,2015,16,42,54,3
8,13,2015,16,52,58,3
8,13,2015,17,2,25,3
8,13,2015,17,2,33,3
8,13,2015,17,2,35,3
8,13,2015,17,3,18,3
8,13,2015,17,10,30,3
8,13,2015,17,10,49,3
8,13,2015,17,14,35,3
8,13,2015,17,19,28,3
8,13,2015,17,43,19,3
8,13,2015,17,52,56,3
8,13,2015,17,59,42,3
8,13,2015,18,0,41,3
8,13,2015,18,1,47,3
8,13,2015,18,1,47,3
8,13,2015,18,6,31,3
8,13,2015,18,8,51,3
8,13,2015,18,13,39,3
8,13,2015,18,15,9,3
8,13,2015,18,22,23,3
8,13,2015,18,22,24,3
8,13,2015,18,25,57,3
8,13,2015,18,26,2,3
8,13,2015,18,46,3,3
8,13,2015,19,5,12,3
8,13,2015,19,31,9,3
8,13,2015,19,38,52,3
8,13,2015,19,39,44,3
8,13,2015,19,50,4,3
8,13,2015,19,50,4,3
8,13,2015,19,53,46,3
8,13,2015,20,10,30,3
8,13,2015,20,14,32,3
8,13,2015,20,16,31,3
8,13,2015,20,16,54,3
8,13,2015,20,29,22,3
8,13,2015,20,42,40,3
8,13,2015,20,57,3,3
8,13,2015,20,57,3,3
8,13,2015,21,3,48,3
8,13,2015,21,15,8,3
8,13,2015,21,31,47,3
8,13,2015,21,36,41,3
8,13,2015,21,40,25,3
8,13,2015,21,55,43,3
8,13,2015,22,15,50,3
8,13,2015,22,19,58,3
8,13,2015,22,43,47,3
8,13,2015,22,47,12,3
8,13,2015,22,48,36,3
8,13,2015,23,5,12,3
8,13,2015,23,5,29,3
8,13,2015,23,7,4,3
8,13,2015,23,22,31,3
8,13,2015,23,22,38,3
8,13,2015,23,27,38,3
8,13,2015,23,28,43,3
8,13,2015,23,57,38,3
8,14,2015,0,36,15,4
8,14,2015,5,40,28,4
8,14,2015,6,24,5,4
8,14,2015,6,40,18,4
8,14,2015,6,49,26,4
8,14,2015,6,53,20,4
8,14,2015,7,18,52,4
8,14,2015,7,42,30,4
8,14,2015,7,43,16,4
8,14,2015,7,45,57,4
8,14,2015,7,46,27,4
8,14,2015,7,48,6,4
8,14,2015,7,48,48,4
8,14,2015,7,50,37,4
8,14,2015,7,52,43,4
8,14,2015,7,52,44,4
8,14,2015,7,54,57,4
8,14,2015,7,56,39,4
8,14,2015,8,1,19,4
8,14,2015,8,1,55,4
8,14,2015,8,8,33,4
8,14,2015,8,9,5,4
8,14,2015,8,9,16,4
8,14,2015,8,11,15,4
8,14,2015,8,13,8,4
8,14,2015,8,13,40,4
8,14,2015,8,14,36,4
8,14,2015,8,16,4,4
8,14,2015,8,21,55,4
8,14,2015,8,22,53,4
8,14,2015,8,23,14,4
8,14,2015,8,26,51,4
8,14,2015,8,27,9,4
8,14,2015,8,28,37,4
8,14,2015,8,31,15,4
8,14,2015,8,32,16,4
8,14,2015,8,32,47,4
8,14,2015,8,35,29,4
8,14,2015,8,35,33,4
8,14,2015,8,39,15,4
8,14,2015,8,42,51,4
8,14,2015,8,44,42,4
8,14,2015,8,48,26,4
8,14,2015,8,54,19,4
8,14,2015,9,2,59,4
8,14,2015,9,27,10,4
8,14,2015,9,43,24,4
8,14,2015,10,17,30,4
8,14,2015,10,46,26,4
8,14,2015,10,46,43,4
8,14,2015,11,22,7,4
8,14,2015,11,26,49,4
8,14,2015,11,28,47,4
8,14,2015,11,30,29,4
8,14,2015,11,31,14,4
8,14,2015,11,48,8,4
8,14,2015,12,9,55,4
8,14,2015,12,11,59,4
8,14,2015,12,17,31,4
8,14,2015,12,18,40,4
8,14,2015,12,25,40,4
8,14,2015,12,40,27,4
8,14,2015,12,46,14,4
8,14,2015,13,42,52,4
8,14,2015,13,57,58,4
8,14,2015,14,4,20,4
8,14,2015,14,4,33,4
8,14,2015,14,45,20,4
8,14,2015,14,46,17,4
8,14,2015,14,46,45,4
8,14,2015,14,47,40,4
8,14,2015,14,56,27,4
8,14,2015,14,59,9,4
8,14,2015,15,2,24,4
8,14,2015,15,10,2,4
8,14,2015,15,12,3,4
8,14,2015,15,12,37,4
8,14,2015,15,13,15,4
8,14,2015,15,13,50,4
8,14,2015,15,24,53,4
8,14,2015,15,47,9,4
8,14,2015,15,59,18,4
8,14,2015,16,10,19,4
8,14,2015,16,32,32,4
8,14,2015,16,35,53,4
8,14,2015,16,38,32,4
8,14,2015,16,40,5,4
8,14,2015,16,40,32,4
8,14,2015,16,40,45,4
8,14,2015,16,43,23,4
8,14,2015,16,55,1,4
8,14,2015,17,0,53,4
8,14,2015,17,11,55,4
8,14,2015,17,19,56,4
8,14,2015,17,34,47,4
8,14,2015,17,41,50,4
8,14,2015,17,42,39,4
8,14,2015,17,48,51,4
8,14,2015,17,49,53,4
8,14,2015,17,50,7,4
8,14,2015,17,50,17,4
8,14,2015,18,13,9,4
8,14,2015,18,20,28,4
8,14,2015,18,21,10,4
8,14,2015,18,30,41,4
8,14,2015,18,32,45,4
8,14,2015,18,34,31,4
8,14,2015,18,43,55,4
8,14,2015,18,44,7,4
8,14,2015,18,46,44,4
8,14,2015,18,50,14,4
8,14,2015,18,50,14,4
8,14,2015,18,53,53,4
8,14,2015,19,6,22,4
8,14,2015,19,6,28,4
8,14,2015,19,9,37,4
8,14,2015,19,13,35,4
8,14,2015,19,21,37,4
8,14,2015,20,19,22,4
8,14,2015,20,19,23,4
8,14,2015,20,19,26,4
8,14,2015,20,22,0,4
8,14,2015,20,25,19,4
8,14,2015,20,51,43,4
8,14,2015,21,3,46,4
8,14,2015,21,7,5,4
8,14,2015,21,7,6,4
8,14,2015,21,7,37,4
8,14,2015,21,8,48,4
8,14,2015,21,15,35,4
8,14,2015,21,23,31,4
8,14,2015,21,26,32,4
8,14,2015,21,52,30,4
8,14,2015,22,9,47,4
8,14,2015,22,29,30,4
8,14,2015,23,0,22,4
8,14,2015,23,0,30,4
8,14,2015,23,2,10,4
8,14,2015,23,31,13,4
8,14,2015,23,59,11,4
8,15,2015,2,34,39,5
8,15,2015,2,38,18,5
8,15,2015,2,56,18,5
8,15,2015,3,14,31,5
8,15,2015,6,33,20,5
8,15,2015,7,22,50,5
8,15,2015,7,52,14,5
8,15,2015,7,56,40,5
8,15,2015,8,14,10,5
8,15,2015,8,28,35,5
8,15,2015,8,42,37,5
8,15,2015,8,43,35,5
8,15,2015,8,50,17,5
8,15,2015,9,1,14,5
8,15,2015,9,3,28,5
8,15,2015,9,4,2,5
8,15,2015,9,29,49,5
8,15,2015,9,31,23,5
8,15,2015,9,34,27,5
8,15,2015,9,37,59,5
8,15,2015,9,40,39,5
8,15,2015,9,48,3,5
8,15,2015,9,49,33,5
8,15,2015,9,50,8,5
8,15,2015,9,50,21,5
8,15,2015,9,51,0,5
8,15,2015,9,53,15,5
8,15,2015,10,5,33,5
8,15,2015,10,7,2,5
8,15,2015,10,23,41,5
8,15,2015,10,36,47,5
8,15,2015,10,37,19,5
8,15,2015,10,39,1,5
8,15,2015,10,51,42,5
8,15,2015,10,58,13,5
8,15,2015,11,1,24,5
8,15,2015,11,10,21,5
8,15,2015,11,15,37,5
8,15,2015,11,28,46,5
8,15,2015,11,32,44,5
8,15,2015,11,33,51,5
8,15,2015,11,37,49,5
8,15,2015,11,37,49,5
8,15,2015,11,39,48,5
8,15,2015,11,41,27,5
8,15,2015,11,45,28,5
8,15,2015,11,52,50,5
8,15,2015,11,53,4,5
8,15,2015,11,53,28,5
8,15,2015,11,56,57,5
8,15,2015,11,57,0,5
8,15,2015,12,2,17,5
8,15,2015,12,18,47,5
8,15,2015,12,19,19,5
8,15,2015,12,19,42,5
8,15,2015,12,22,11,5
8,15,2015,12,22,23,5
8,15,2015,12,22,49,5
8,15,2015,12,23,9,5
8,15,2015,12,24,47,5
8,15,2015,12,27,13,5
8,15,2015,12,30,55,5
8,15,2015,12,40,43,5
8,15,2015,12,47,22,5
8,15,2015,12,47,41,5
8,15,2015,12,49,50,5
8,15,2015,13,5,29,5
8,15,2015,13,5,37,5
8,15,2015,13,5,41,5
8,15,2015,13,8,0,5
8,15,2015,13,10,9,5
8,15,2015,13,15,21,5
8,15,2015,13,20,7,5
8,15,2015,13,28,25,5
8,15,2015,13,37,4,5
8,15,2015,13,47,4,5
8,15,2015,13,50,58,5
8,15,2015,13,51,10,5
8,15,2015,13,59,23,5
8,15,2015,14,4,31,5
8,15,2015,14,5,18,5
8,15,2015,14,7,26,5
8,15,2015,14,13,26,5
8,15,2015,14,13,34,5
8,15,2015,14,13,39,5
8,15,2015,14,20,20,5
8,15,2015,14,30,2,5
8,15,2015,14,31,59,5
8,15,2015,14,36,49,5
8,15,2015,14,39,8,5
8,15,2015,14,41,34,5
8,15,2015,15,4,19,5
8,15,2015,15,4,55,5
8,15,2015,15,7,57,5
8,15,2015,15,9,15,5
8,15,2015,15,12,24,5
8,15,2015,15,21,59,5
8,15,2015,15,24,13,5
8,15,2015,15,37,39,5
8,15,2015,15,40,10,5
8,15,2015,15,40,11,5
8,15,2015,15,41,46,5
8,15,2015,15,41,54,5
8,15,2015,15,47,7,5
8,15,2015,15,49,42,5
8,15,2015,15,58,43,5
8,15,2015,16,1,35,5
8,15,2015,16,12,56,5
8,15,2015,16,22,55,5
8,15,2015,16,27,2,5
8,15,2015,16,27,52,5
8,15,2015,16,37,28,5
8,15,2015,16,44,48,5
8,15,2015,16,48,47,5
8,15,2015,16,49,43,5
8,15,2015,17,1,31,5
8,15,2015,17,11,37,5
8,15,2015,17,12,51,5
8,15,2015,17,29,57,5
8,15,2015,17,31,11,5
8,15,2015,17,31,47,5
8,15,2015,17,46,30,5
8,15,2015,17,50,48,5
8,15,2015,17,50,50,5
8,15,2015,18,0,56,5
8,15,2015,18,10,50,5
8,15,2015,18,31,3,5
8,15,2015,18,40,11,5
8,15,2015,18,45,19,5
8,15,2015,18,58,46,5
8,15,2015,18,59,15,5
8,15,2015,19,7,31,5
8,15,2015,19,21,52,5
8,15,2015,19,29,34,5
8,15,2015,19,40,48,5
8,15,2015,19,46,27,5
8,15,2015,19,52,34,5
8,15,2015,19,53,5,5
8,15,2015,20,6,10,5
8,15,2015,20,14,39,5
8,15,2015,20,21,13,5
8,15,2015,20,29,53,5
8,15,2015,20,35,6,5
8,15,2015,20,35,18,5
8,15,2015,20,45,19,5
8,15,2015,20,48,58,5
8,15,2015,21,51,34,5
8,15,2015,22,47,4,5
8,15,2015,23,6,54,5
8,15,2015,23,31,46,5
8,16,2015,0,11,32,6
8,16,2015,0,35,11,6
8,16,2015,4,41,20,6
8,16,2015,4,43,2,6
8,16,2015,6,27,21,6
8,16,2015,6,40,4,6
8,16,2015,7,10,8,6
8,16,2015,7,46,4,6
8,16,2015,7,58,44,6
8,16,2015,8,32,8,6
8,16,2015,9,4,14,6
8,16,2015,9,8,5,6
8,16,2015,9,11,20,6
8,16,2015,9,22,6,6
8,16,2015,9,35,3,6
8,16,2015,9,41,28,6
8,16,2015,9,48,6,6
8,16,2015,10,2,49,6
8,16,2015,10,5,1,6
8,16,2015,10,8,16,6
8,16,2015,10,25,46,6
8,16,2015,10,26,11,6
8,16,2015,10,29,45,6
8,16,2015,10,31,8,6
8,16,2015,10,36,9,6
8,16,2015,10,43,20,6
8,16,2015,10,45,8,6
8,16,2015,10,54,9,6
8,16,2015,11,0,29,6
8,16,2015,11,11,57,6
8,16,2015,11,15,25,6
8,16,2015,11,15,34,6
8,16,2015,11,18,52,6
8,16,2015,11,18,52,6
8,16,2015,11,21,1,6
8,16,2015,11,42,34,6
8,16,2015,11,51,33,6
8,16,2015,12,4,51,6
8,16,2015,12,5,21,6
8,16,2015,12,7,1,6
8,16,2015,12,7,11,6
8,16,2015,12,9,10,6
8,16,2015,12,9,52,6
8,16,2015,12,13,16,6
8,16,2015,12,17,10,6
8,16,2015,12,18,16,6
8,16,2015,12,18,58,6
8,16,2015,12,23,33,6
8,16,2015,12,39,27,6
8,16,2015,12,41,11,6
8,16,2015,12,46,34,6
8,16,2015,12,49,19,6
8,16,2015,12,49,39,6
8,16,2015,12,52,17,6
8,16,2015,13,12,28,6
8,16,2015,13,12,38,6
8,16,2015,13,21,53,6
8,16,2015,13,22,19,6
8,16,2015,13,22,32,6
8,16,2015,13,53,42,6
8,16,2015,14,6,10,6
8,16,2015,14,8,16,6
8,16,2015,14,8,22,6
8,16,2015,14,11,30,6
8,16,2015,14,16,18,6
8,16,2015,14,16,48,6
8,16,2015,14,19,25,6
8,16,2015,14,24,36,6
8,16,2015,14,25,15,6
8,16,2015,14,25,20,6
8,16,2015,14,30,0,6
8,16,2015,14,30,27,6
8,16,2015,14,37,43,6
8,16,2015,14,37,56,6
8,16,2015,14,39,35,6
8,16,2015,14,43,11,6
8,16,2015,14,46,49,6
8,16,2015,14,48,21,6
8,16,2015,14,52,10,6
8,16,2015,14,56,14,6
8,16,2015,15,4,32,6
8,16,2015,15,4,59,6
8,16,2015,15,7,29,6
8,16,2015,15,8,42,6
8,16,2015,15,8,45,6
8,16,2015,15,9,17,6
8,16,2015,15,9,53,6
8,16,2015,15,9,54,6
8,16,2015,15,15,4,6
8,16,2015,15,17,27,6
8,16,2015,15,19,29,6
8,16,2015,15,20,48,6
8,16,2015,15,22,25,6
8,16,2015,15,24,38,6
8,16,2015,15,27,19,6
8,16,2015,15,38,35,6
8,16,2015,16,10,7,6
8,16,2015,16,19,8,6
8,16,2015,16,23,43,6
8,16,2015,16,27,14,6
8,16,2015,16,28,20,6
8,16,2015,16,34,6,6
8,16,2015,16,35,10,6
8,16,2015,16,43,42,6
8,16,2015,16,47,58,6
8,16,2015,16,52,24,6
8,16,2015,16,52,27,6
8,16,2015,17,10,31,6
8,16,2015,17,21,42,6
8,16,2015,17,30,36,6
8,16,2015,17,34,35,6
8,16,2015,17,41,34,6
8,16,2015,17,54,28,6
8,16,2015,18,2,51,6
8,16,2015,18,9,36,6
8,16,2015,18,11,2,6
8,16,2015,18,17,55,6
8,16,2015,18,34,6,6
8,16,2015,18,36,37,6
8,16,2015,18,37,20,6
8,16,2015,18,42,36,6
8,16,2015,18,42,37,6
8,16,2015,18,42,47,6
8,16,2015,18,46,16,6
8,16,2015,18,46,17,6
8,16,2015,18,52,28,6
8,16,2015,18,52,46,6
8,16,2015,18,58,35,6
8,16,2015,19,8,54,6
8,16,2015,19,14,4,6
8,16,2015,19,14,47,6
8,16,2015,19,16,38,6
8,16,2015,19,16,38,6
8,16,2015,19,24,56,6
8,16,2015,19,26,43,6
8,16,2015,19,32,33,6
8,16,2015,19,34,1,6
8,16,2015,19,34,22,6
8,16,2015,19,40,53,6
8,16,2015,19,57,19,6
8,16,2015,19,59,14,6
8,16,2015,20,11,2,6
8,16,2015,20,11,55,6
8,16,2015,20,16,49,6
8,16,2015,20,38,57,6
8,16,2015,20,52,10,6
8,16,2015,21,6,58,6
8,16,2015,21,10,19,6
8,16,2015,21,17,5,6
8,16,2015,21,35,56,6
8,16,2015,21,36,56,6
8,16,2015,21,38,8,6
8,16,2015,21,44,3,6
8,16,2015,21,50,53,6
8,16,2015,21,51,4,6
8,16,2015,22,3,4,6
8,16,2015,22,6,39,6
8,16,2015,22,37,11,6
8,16,2015,23,50,20,6
8,17,2015,1,32,30,0
8,17,2015,5,0,43,0
8,17,2015,5,23,30,0
8,17,2015,5,44,48,0
8,17,2015,5,47,33,0
8,17,2015,5,54,11,0
8,17,2015,6,8,27,0
8,17,2015,6,33,2,0
8,17,2015,6,38,4,0
8,17,2015,6,46,46,0
8,17,2015,6,47,35,0
8,17,2015,6,47,37,0
8,17,2015,7,1,5,0
8,17,2015,7,2,17,0
8,17,2015,7,3,33,0
8,17,2015,7,6,24,0
8,17,2015,7,14,27,0
8,17,2015,7,17,26,0
8,17,2015,7,20,15,0
8,17,2015,7,26,1,0
8,17,2015,7,28,37,0
8,17,2015,7,28,42,0
8,17,2015,7,31,34,0
8,17,2015,7,40,26,0
8,17,2015,7,43,30,0
8,17,2015,7,43,52,0
8,17,2015,7,50,45,0
8,17,2015,7,57,15,0
8,17,2015,7,58,17,0
8,17,2015,8,16,3,0
8,17,2015,9,41,8,0
8,17,2015,9,57,32,0
8,17,2015,10,46,8,0
8,17,2015,11,23,15,0
8,17,2015,11,31,34,0
8,17,2015,11,54,35,0
8,17,2015,12,10,26,0
8,17,2015,12,47,9,0
8,17,2015,13,8,38,0
8,17,2015,13,9,47,0
8,17,2015,14,7,5,0
8,17,2015,14,19,19,0
8,17,2015,14,20,21,0
8,17,2015,15,8,21,0
8,17,2015,15,21,25,0
8,17,2015,15,24,38,0
8,17,2015,15,44,16,0
8,17,2015,15,53,53,0
8,17,2015,16,17,53,0
8,17,2015,16,26,6,0
8,17,2015,16,40,41,0
8,17,2015,17,2,0,0
8,17,2015,17,5,41,0
8,17,2015,17,6,28,0
8,17,2015,17,30,30,0
8,17,2015,17,50,28,0
8,17,2015,18,2,47,0
8,17,2015,18,3,5,0
8,17,2015,18,11,7,0
8,17,2015,18,15,20,0
8,17,2015,18,16,14,0
8,17,2015,18,20,48,0
8,17,2015,18,25,34,0
8,17,2015,18,28,25,0
8,17,2015,18,47,33,0
8,17,2015,18,58,56,0
8,17,2015,19,23,42,0
8,17,2015,19,28,40,0
8,17,2015,19,36,57,0
8,17,2015,19,39,44,0
8,17,2015,19,56,35,0
8,17,2015,20,0,13,0
8,17,2015,20,9,29,0
8,17,2015,20,14,17,0
8,17,2015,20,15,49,0
8,17,2015,20,16,50,0
8,17,2015,20,28,44,0
8,17,2015,20,28,55,0
8,17,2015,20,34,37,0
8,17,2015,21,26,22,0
8,17,2015,21,33,29,0
8,17,2015,21,34,7,0
8,17,2015,21,43,26,0
8,17,2015,21,53,27,0
8,17,2015,22,34,20,0
8,17,2015,22,54,59,0
8,18,2015,5,31,45,1
8,18,2015,5,55,40,1
8,18,2015,6,19,35,1
8,18,2015,6,32,50,1
8,18,2015,6,33,13,1
8,18,2015,6,35,59,1
8,18,2015,6,54,36,1
8,18,2015,6,54,39,1
8,18,2015,6,58,47,1
8,18,2015,7,8,45,1
8,18,2015,7,11,38,1
8,18,2015,7,13,28,1
8,18,2015,7,14,58,1
8,18,2015,7,22,52,1
8,18,2015,7,25,24,1
8,18,2015,7,26,4,1
8,18,2015,7,31,8,1
8,18,2015,7,32,15,1
8,18,2015,7,32,25,1
8,18,2015,7,32,31,1
8,18,2015,7,38,29,1
8,18,2015,7,40,24,1
8,18,2015,7,43,15,1
8,18,2015,7,44,4,1
8,18,2015,7,48,37,1
8,18,2015,7,52,36,1
8,18,2015,7,58,40,1
8,18,2015,7,59,41,1
8,18,2015,8,0,27,1
8,18,2015,8,5,17,1
8,18,2015,8,5,17,1
8,18,2015,8,6,27,1
8,18,2015,8,8,47,1
8,18,2015,8,19,31,1
8,18,2015,8,28,15,1
8,18,2015,8,38,13,1
8,18,2015,8,53,27,1
8,18,2015,8,57,18,1
8,18,2015,9,4,15,1
8,18,2015,9,15,58,1
8,18,2015,9,24,47,1
8,18,2015,9,49,41,1
8,18,2015,9,59,27,1
8,18,2015,11,14,24,1
8,18,2015,11,43,1,1
8,18,2015,11,43,18,1
8,18,2015,12,9,9,1
8,18,2015,12,30,49,1
8,18,2015,12,34,4,1
8,18,2015,12,50,28,1
8,18,2015,12,51,33,1
8,18,2015,12,57,40,1
8,18,2015,13,5,54,1
8,18,2015,13,19,40,1
8,18,2015,13,21,6,1
8,18,2015,13,24,14,1
8,18,2015,13,26,0,1
8,18,2015,13,41,6,1
8,18,2015,13,45,37,1
8,18,2015,13,45,50,1
8,18,2015,13,46,18,1
8,18,2015,13,51,54,1
8,18,2015,13,54,2,1
8,18,2015,13,56,42,1
8,18,2015,13,58,33,1
8,18,2015,13,59,10,1
8,18,2015,14,10,59,1
8,18,2015,14,24,48,1
8,18,2015,14,55,40,1
8,18,2015,14,56,20,1
8,18,2015,15,22,11,1
8,18,2015,16,18,55,1
8,18,2015,16,20,37,1
8,18,2015,16,38,48,1
8,18,2015,17,18,53,1
8,18,2015,17,30,4,1
8,18,2015,17,40,20,1
8,18,2015,17,42,11,1
8,18,2015,17,48,55,1
8,18,2015,17,54,21,1
8,18,2015,18,1,27,1
8,18,2015,18,9,50,1
8,18,2015,18,10,7,1
8,18,2015,18,10,33,1
8,18,2015,18,10,37,1
8,18,2015,18,10,47,1
8,18,2015,18,11,18,1
8,18,2015,18,15,43,1
8,18,2015,18,19,29,1
8,18,2015,18,22,26,1
8,18,2015,18,39,48,1
8,18,2015,18,45,24,1
8,18,2015,18,59,44,1
8,18,2015,19,1,59,1
8,18,2015,19,3,53,1
8,18,2015,19,8,12,1
8,18,2015,19,20,57,1
8,18,2015,19,21,40,1
8,18,2015,19,24,53,1
8,18,2015,19,24,53,1
8,18,2015,19,27,54,1
8,18,2015,19,29,56,1
8,18,2015,19,30,33,1
8,18,2015,19,31,21,1
8,18,2015,19,31,38,1
8,18,2015,19,31,55,1
8,18,2015,19,33,19,1
8,18,2015,19,33,29,1
8,18,2015,19,39,37,1
8,18,2015,19,40,39,1
8,18,2015,19,44,12,1
8,18,2015,20,2,52,1
8,18,2015,20,4,59,1
8,18,2015,20,5,33,1
8,18,2015,20,14,38,1
8,18,2015,20,37,49,1
8,18,2015,20,38,54,1
8,18,2015,20,44,45,1
8,18,2015,20,45,11,1
8,18,2015,21,5,13,1
8,18,2015,21,7,26,1
8,18,2015,21,9,2,1
8,18,2015,21,19,41,1
8,18,2015,21,20,13,1
8,18,2015,21,24,3,1
8,18,2015,21,54,27,1
8,18,2015,21,57,39,1
8,18,2015,21,58,30,1
8,18,2015,22,2,55,1
8,18,2015,22,11,33,1
8,18,2015,22,25,28,1
8,18,2015,22,54,4,1
8,18,2015,23,10,45,1
8,19,2015,0,19,9,2
8,19,2015,2,3,58,2
8,19,2015,4,29,42,2
8,19,2015,5,40,5,2
8,19,2015,6,0,32,2
8,19,2015,6,4,2,2
8,19,2015,6,17,34,2
8,19,2015,6,37,12,2
8,19,2015,6,37,46,2
8,19,2015,6,39,15,2
8,19,2015,6,40,17,2
8,19,2015,6,43,15,2
8,19,2015,6,49,8,2
8,19,2015,6,53,41,2
8,19,2015,6,55,57,2
8,19,2015,7,11,2,2
8,19,2015,7,12,26,2
8,19,2015,7,26,26,2
8,19,2015,7,27,1,2
8,19,2015,7,27,9,2
8,19,2015,7,31,0,2
8,19,2015,7,31,38,2
8,19,2015,7,41,11,2
8,19,2015,7,42,16,2
8,19,2015,7,45,32,2
8,19,2015,7,46,11,2
8,19,2015,7,48,0,2
8,19,2015,7,51,7,2
8,19,2015,7,54,49,2
8,19,2015,7,55,16,2
8,19,2015,7,59,37,2
8,19,2015,8,3,37,2
8,19,2015,8,3,40,2
8,19,2015,8,4,45,2
8,19,2015,8,5,43,2
8,19,2015,8,6,11,2
8,19,2015,8,6,40,2
8,19,2015,8,7,43,2
8,19,2015,8,9,23,2
8,19,2015,8,14,33,2
8,19,2015,8,15,21,2
8,19,2015,8,15,45,2
8,19,2015,8,18,56,2
8,19,2015,8,19,19,2
8,19,2015,8,25,23,2
8,19,2015,8,27,26,2
8,19,2015,8,28,50,2
8,19,2015,8,31,12,2
8,19,2015,8,35,30,2
8,19,2015,8,38,43,2
8,19,2015,9,11,20,2
8,19,2015,9,30,9,2
8,19,2015,9,49,33,2
8,19,2015,10,4,21,2
8,19,2015,10,46,5,2
8,19,2015,11,45,29,2
8,19,2015,11,51,21,2
8,19,2015,11,55,44,2
8,19,2015,12,3,54,2
8,19,2015,12,4,42,2
8,19,2015,12,56,39,2
8,19,2015,12,57,28,2
8,19,2015,13,30,59,2
8,19,2015,13,37,2,2
8,19,2015,13,46,0,2
8,19,2015,14,0,38,2
8,19,2015,14,3,54,2
8,19,2015,14,51,46,2
8,19,2015,14,56,37,2
8,19,2015,14,59,40,2
8,19,2015,15,2,41,2
8,19,2015,15,14,24,2
8,19,2015,15,24,45,2
8,19,2015,15,31,7,2
8,19,2015,15,31,37,2
8,19,2015,15,52,4,2
8,19,2015,15,59,53,2
8,19,2015,16,19,4,2
8,19,2015,16,25,15,2
8,19,2015,16,25,17,2
8,19,2015,16,26,22,2
8,19,2015,16,31,41,2
8,19,2015,16,38,1,2
8,19,2015,16,49,20,2
8,19,2015,17,0,44,2
8,19,2015,17,6,35,2
8,19,2015,17,10,31,2
8,19,2015,17,13,4,2
8,19,2015,17,13,41,2
8,19,2015,17,14,56,2
8,19,2015,17,14,56,2
8,19,2015,17,18,34,2
8,19,2015,17,18,45,2
8,19,2015,17,22,58,2
8,19,2015,17,26,10,2
8,19,2015,17,28,18,2
8,19,2015,17,38,33,2
8,19,2015,17,46,36,2
8,19,2015,17,47,38,2
8,19,2015,18,0,25,2
8,19,2015,18,1,54,2
8,19,2015,18,10,23,2
8,19,2015,18,12,6,2
8,19,2015,18,16,49,2
8,19,2015,18,19,7,2
8,19,2015,18,20,26,2
8,19,2015,18,50,58,2
8,19,2015,18,54,3,2
8,19,2015,18,55,9,2
8,19,2015,18,56,51,2
8,19,2015,19,19,38,2
8,19,2015,19,20,12,2
8,19,2015,19,24,21,2
8,19,2015,19,24,40,2
8,19,2015,19,35,13,2
8,19,2015,20,5,12,2
8,19,2015,20,10,7,2
8,19,2015,20,33,1,2
8,19,2015,20,33,23,2
8,19,2015,20,35,11,2
8,19,2015,20,35,39,2
8,19,2015,20,42,59,2
8,19,2015,20,55,28,2
8,19,2015,21,4,37,2
8,19,2015,21,4,41,2
8,19,2015,21,31,33,2
8,19,2015,21,36,54,2
8,19,2015,22,18,35,2
8,19,2015,23,0,42,2
8,19,2015,23,29,49,2
8,19,2015,23,36,32,2
8,19,2015,23,39,8,2
8,20,2015,0,4,33,3
8,20,2015,0,4,39,3
8,20,2015,0,4,40,3
8,20,2015,0,49,29,3
8,20,2015,0,55,41,3
8,20,2015,5,30,53,3
8,20,2015,5,33,12,3
8,20,2015,6,2,56,3
8,20,2015,6,12,49,3
8,20,2015,6,16,44,3
8,20,2015,6,23,23,3
8,20,2015,6,23,49,3
8,20,2015,6,36,51,3
8,20,2015,6,36,59,3
8,20,2015,6,38,58,3
8,20,2015,6,52,54,3
8,20,2015,6,55,55,3
8,20,2015,7,16,31,3
8,20,2015,7,19,35,3
8,20,2015,7,19,53,3
8,20,2015,7,25,8,3
8,20,2015,7,38,53,3
8,20,2015,7,39,37,3
8,20,2015,7,50,57,3
8,20,2015,7,51,25,3
8,20,2015,7,55,48,3
8,20,2015,7,57,44,3
8,20,2015,7,59,35,3
8,20,2015,8,2,2,3
8,20,2015,8,10,9,3
8,20,2015,8,10,19,3
8,20,2015,8,11,31,3
8,20,2015,8,13,33,3
8,20,2015,8,30,15,3
8,20,2015,8,30,50,3
8,20,2015,8,35,31,3
8,20,2015,8,46,54,3
8,20,2015,8,53,21,3
8,20,2015,9,6,57,3
8,20,2015,10,7,6,3
8,20,2015,10,55,37,3
8,20,2015,11,5,26,3
8,20,2015,11,11,33,3
8,20,2015,11,19,56,3
8,20,2015,11,25,57,3
8,20,2015,11,29,49,3
8,20,2015,11,32,1,3
8,20,2015,11,55,54,3
8,20,2015,12,2,3,3
8,20,2015,12,18,52,3
8,20,2015,12,20,53,3
8,20,2015,12,41,25,3
8,20,2015,13,8,11,3
8,20,2015,13,8,40,3
8,20,2015,13,10,39,3
8,20,2015,13,38,0,3
8,20,2015,13,54,56,3
8,20,2015,14,12,47,3
8,20,2015,14,49,2,3
8,20,2015,15,35,58,3
8,20,2015,15,36,59,3
8,20,2015,15,44,19,3
8,20,2015,15,44,45,3
8,20,2015,15,51,13,3
8,20,2015,15,51,12,3
8,20,2015,15,56,12,3
8,20,2015,16,3,11,3
8,20,2015,16,6,32,3
8,20,2015,16,21,12,3
8,20,2015,16,24,25,3
8,20,2015,16,28,41,3
8,20,2015,16,39,53,3
8,20,2015,16,40,49,3
8,20,2015,16,59,15,3
8,20,2015,17,11,19,3
8,20,2015,17,14,16,3
8,20,2015,17,17,27,3
8,20,2015,17,20,39,3
8,20,2015,17,24,1,3
8,20,2015,17,33,26,3
8,20,2015,17,56,52,3
8,20,2015,17,57,41,3
8,20,2015,18,9,0,3
8,20,2015,18,15,23,3
8,20,2015,18,25,18,3
8,20,2015,18,25,31,3
8,20,2015,18,38,5,3
8,20,2015,18,41,55,3
8,20,2015,18,46,30,3
8,20,2015,19,8,40,3
8,20,2015,19,17,58,3
8,20,2015,19,19,1,3
8,20,2015,19,20,14,3
8,20,2015,19,27,15,3
8,20,2015,19,29,57,3
8,20,2015,19,33,49,3
8,20,2015,19,36,44,3
8,20,2015,19,48,31,3
8,20,2015,20,6,56,3
8,20,2015,20,15,32,3
8,20,2015,20,16,11,3
8,20,2015,20,26,11,3
8,20,2015,20,49,17,3
8,20,2015,21,4,33,3
8,20,2015,21,15,21,3
8,20,2015,21,52,14,3
8,20,2015,21,53,45,3
8,20,2015,22,12,25,3
8,20,2015,22,14,49,3
8,20,2015,22,26,41,3
8,20,2015,22,52,17,3
8,20,2015,23,0,22,3
8,20,2015,23,1,20,3
8,21,2015,0,19,56,4
8,21,2015,1,11,29,4
8,21,2015,5,38,57,4
8,21,2015,5,52,46,4
8,21,2015,6,0,1,4
8,21,2015,6,35,5,4
8,21,2015,6,39,41,4
8,21,2015,6,41,12,4
8,21,2015,6,55,14,4
8,21,2015,7,11,47,4
8,21,2015,7,14,6,4
8,21,2015,7,28,24,4
8,21,2015,7,28,29,4
8,21,2015,7,39,13,4
8,21,2015,7,41,56,4
8,21,2015,7,48,24,4
8,21,2015,7,56,25,4
8,21,2015,8,13,7,4
8,21,2015,8,13,32,4
8,21,2015,8,14,15,4
8,21,2015,8,18,35,4
8,21,2015,8,18,46,4
8,21,2015,8,22,13,4
8,21,2015,8,22,54,4
8,21,2015,8,29,1,4
8,21,2015,8,34,4,4
8,21,2015,8,35,24,4
8,21,2015,8,41,9,4
8,21,2015,8,44,14,4
8,21,2015,8,48,7,4
8,21,2015,8,48,11,4
8,21,2015,8,54,30,4
8,21,2015,9,7,2,4
8,21,2015,9,12,23,4
8,21,2015,9,13,44,4
8,21,2015,9,19,20,4
8,21,2015,9,19,56,4
8,21,2015,9,22,25,4
8,21,2015,9,29,6,4
8,21,2015,9,29,30,4
8,21,2015,9,30,19,4
8,21,2015,9,30,56,4
8,21,2015,9,31,18,4
8,21,2015,9,31,49,4
8,21,2015,9,37,43,4
8,21,2015,9,39,31,4
8,21,2015,9,46,19,4
8,21,2015,10,25,41,4
8,21,2015,11,13,17,4
8,21,2015,11,34,16,4
8,21,2015,12,8,12,4
8,21,2015,12,14,55,4
8,21,2015,12,17,38,4
8,21,2015,12,23,49,4
8,21,2015,12,36,10,4
8,21,2015,12,39,17,4
8,21,2015,12,56,2,4
8,21,2015,12,57,49,4
8,21,2015,13,2,23,4
8,21,2015,13,4,56,4
8,21,2015,13,12,8,4
8,21,2015,13,14,39,4
8,21,2015,13,20,13,4
8,21,2015,13,29,35,4
8,21,2015,13,31,37,4
8,21,2015,13,31,58,4
8,21,2015,13,39,14,4
8,21,2015,13,40,26,4
8,21,2015,13,51,46,4
8,21,2015,13,59,49,4
8,21,2015,14,1,42,4
8,21,2015,14,4,45,4
8,21,2015,14,9,16,4
8,21,2015,14,43,20,4
8,21,2015,14,55,33,4
8,21,2015,14,55,39,4
8,21,2015,15,10,23,4
8,21,2015,15,15,19,4
8,21,2015,15,35,57,4
8,21,2015,15,36,46,4
8,21,2015,15,43,26,4
8,21,2015,15,46,41,4
8,21,2015,15,47,22,4
8,21,2015,15,57,9,4
8,21,2015,16,4,24,4
8,21,2015,16,6,50,4
8,21,2015,16,27,18,4
8,21,2015,16,37,13,4
8,21,2015,16,47,37,4
8,21,2015,16,50,54,4
8,21,2015,16,55,46,4
8,21,2015,16,58,7,4
8,21,2015,17,6,5,4
8,21,2015,17,9,23,4
8,21,2015,17,18,2,4
8,21,2015,17,31,1,4
8,21,2015,17,32,48,4
8,21,2015,17,35,26,4
8,21,2015,17,51,54,4
8,21,2015,17,56,12,4
8,21,2015,17,56,53,4
8,21,2015,18,3,18,4
8,21,2015,18,12,18,4
8,21,2015,18,12,24,4
8,21,2015,18,19,57,4
8,21,2015,18,23,54,4
8,21,2015,18,30,37,4
8,21,2015,18,52,26,4
8,21,2015,18,52,47,4
8,21,2015,18,57,31,4
8,21,2015,19,1,26,4
8,21,2015,19,1,54,4
8,21,2015,19,6,56,4
8,21,2015,19,13,36,4
8,21,2015,19,25,4,4
8,21,2015,19,28,18,4
8,21,2015,19,30,8,4
8,21,2015,19,30,51,4
8,21,2015,19,33,37,4
8,21,2015,19,33,47,4
8,21,2015,19,35,9,4
8,21,2015,19,41,56,4
8,21,2015,19,46,29,4
8,21,2015,19,47,55,4
8,21,2015,19,49,21,4
8,21,2015,19,49,49,4
8,21,2015,19,53,4,4
8,21,2015,19,54,4,4
8,21,2015,20,3,5,4
8,21,2015,20,4,22,4
8,21,2015,20,6,16,4
8,21,2015,20,6,52,4
8,21,2015,20,18,17,4
8,21,2015,20,35,14,4
8,21,2015,20,41,1,4
8,21,2015,20,41,4,4
8,21,2015,21,3,9,4
8,21,2015,21,5,43,4
8,21,2015,21,10,45,4
8,21,2015,21,34,5,4
8,21,2015,22,9,7,4
8,21,2015,22,26,3,4
8,21,2015,22,41,43,4
8,21,2015,23,24,15,4
8,21,2015,23,29,32,4
8,21,2015,23,31,4,4
8,21,2015,23,32,17,4
8,21,2015,23,42,31,4
8,21,2015,23,46,9,4
8,21,2015,23,51,54,4
8,22,2015,1,6,2,5
8,22,2015,1,6,27,5
8,22,2015,1,6,48,5
8,22,2015,1,31,0,5
8,22,2015,1,36,26,5
8,22,2015,1,43,1,5
8,22,2015,1,48,2,5
8,22,2015,3,1,59,5
8,22,2015,3,15,12,5
8,22,2015,3,18,18,5
8,22,2015,6,57,44,5
8,22,2015,7,18,40,5
8,22,2015,7,54,50,5
8,22,2015,8,11,39,5
8,22,2015,8,17,11,5
8,22,2015,8,18,58,5
8,22,2015,8,21,19,5
8,22,2015,8,38,39,5
8,22,2015,8,40,33,5
8,22,2015,8,48,2,5
8,22,2015,8,58,26,5
8,22,2015,9,3,12,5
8,22,2015,9,4,39,5
8,22,2015,9,7,37,5
8,22,2015,9,18,26,5
8,22,2015,9,19,23,5
8,22,2015,9,39,27,5
8,22,2015,9,40,12,5
8,22,2015,9,40,46,5
8,22,2015,9,46,59,5
8,22,2015,10,10,37,5
8,22,2015,10,14,8,5
8,22,2015,10,26,9,5
8,22,2015,10,29,47,5
8,22,2015,10,37,36,5
8,22,2015,10,38,48,5
8,22,2015,10,50,40,5
8,22,2015,10,57,18,5
8,22,2015,11,1,4,5
8,22,2015,11,2,44,5
8,22,2015,11,11,0,5
8,22,2015,11,11,9,5
8,22,2015,11,11,38,5
8,22,2015,11,14,3,5
8,22,2015,11,16,36,5
8,22,2015,11,21,14,5
8,22,2015,11,21,49,5
8,22,2015,11,21,55,5
8,22,2015,11,22,35,5
8,22,2015,11,23,1,5
8,22,2015,11,24,59,5
8,22,2015,11,26,17,5
8,22,2015,11,33,31,5
8,22,2015,11,34,8,5
8,22,2015,11,38,4,5
8,22,2015,11,38,5,5
8,22,2015,11,48,46,5
8,22,2015,11,49,34,5
8,22,2015,11,54,44,5
8,22,2015,11,57,0,5
8,22,2015,12,0,46,5
8,22,2015,12,10,51,5
8,22,2015,12,11,37,5
8,22,2015,12,21,15,5
8,22,2015,12,26,42,5
8,22,2015,12,27,4,5
8,22,2015,12,30,40,5
8,22,2015,12,45,57,5
8,22,2015,12,47,4,5
8,22,2015,12,49,50,5
8,22,2015,12,50,30,5
8,22,2015,12,51,18,5
8,22,2015,12,54,59,5
8,22,2015,12,56,2,5
8,22,2015,12,56,47,5
8,22,2015,13,3,3,5
8,22,2015,13,4,39,5
8,22,2015,13,13,36,5
8,22,2015,13,13,39,5
8,22,2015,13,19,22,5
8,22,2015,13,25,2,5
8,22,2015,13,25,12,5
8,22,2015,13,27,57,5
8,22,2015,13,46,20,5
8,22,2015,13,53,42,5
8,22,2015,14,0,5,5
8,22,2015,14,2,14,5
8,22,2015,14,2,34,5
8,22,2015,14,5,40,5
8,22,2015,14,30,4,5
8,22,2015,14,33,10,5
8,22,2015,14,45,31,5
8,22,2015,14,45,34,5
8,22,2015,14,49,47,5
8,22,2015,15,3,41,5
8,22,2015,15,4,38,5
8,22,2015,15,8,49,5
8,22,2015,15,9,45,5
8,22,2015,15,12,2,5
8,22,2015,15,13,44,5
8,22,2015,15,13,52,5
8,22,2015,15,15,1,5
8,22,2015,15,22,32,5
8,22,2015,15,22,32,5
8,22,2015,15,27,19,5
8,22,2015,15,27,23,5
8,22,2015,15,33,29,5
8,22,2015,15,48,6,5
8,22,2015,15,54,9,5
8,22,2015,15,55,33,5
8,22,2015,15,56,58,5
8,22,2015,16,4,45,5
8,22,2015,16,4,53,5
8,22,2015,16,5,14,5
8,22,2015,16,6,26,5
8,22,2015,16,12,26,5
8,22,2015,16,15,47,5
8,22,2015,16,18,4,5
8,22,2015,16,28,37,5
8,22,2015,16,31,30,5
8,22,2015,16,32,29,5
8,22,2015,16,32,41,5
8,22,2015,16,37,2,5
8,22,2015,17,6,7,5
8,22,2015,17,7,29,5
8,22,2015,17,11,8,5
8,22,2015,17,16,9,5
8,22,2015,17,16,38,5
8,22,2015,17,19,38,5
8,22,2015,17,25,43,5
8,22,2015,17,27,2,5
8,22,2015,17,33,56,5
8,22,2015,17,46,2,5
8,22,2015,17,55,15,5
8,22,2015,18,2,26,5
8,22,2015,18,26,32,5
8,22,2015,18,42,21,5
8,22,2015,18,44,16,5
8,22,2015,18,47,22,5
8,22,2015,18,49,44,5
8,22,2015,18,49,59,5
8,22,2015,18,53,32,5
8,22,2015,18,59,53,5
8,22,2015,19,12,28,5
8,22,2015,19,14,12,5
8,22,2015,19,18,49,5
8,22,2015,19,18,53,5
8,22,2015,19,21,55,5
8,22,2015,19,22,33,5
8,22,2015,20,3,36,5
8,22,2015,20,13,25,5
8,22,2015,20,27,31,5
8,22,2015,20,27,39,5
8,22,2015,20,30,17,5
8,22,2015,20,45,19,5
8,22,2015,21,0,0,5
8,22,2015,21,4,14,5
8,22,2015,21,37,54,5
8,22,2015,22,5,19,5
8,22,2015,22,15,51,5
8,22,2015,22,24,40,5
8,22,2015,22,25,36,5
8,22,2015,22,50,40,5
8,22,2015,23,28,44,5
8,23,2015,0,26,51,6
8,23,2015,0,32,34,6
8,23,2015,1,29,17,6
8,23,2015,1,31,41,6
8,23,2015,1,32,45,6
8,23,2015,1,34,34,6
8,23,2015,1,36,38,6
8,23,2015,2,1,17,6
8,23,2015,2,3,25,6
8,23,2015,2,45,42,6
8,23,2015,2,47,35,6
8,23,2015,6,30,23,6
8,23,2015,6,57,10,6
8,23,2015,7,38,34,6
8,23,2015,8,27,7,6
8,23,2015,8,38,44,6
8,23,2015,8,51,55,6
8,23,2015,9,7,13,6
8,23,2015,9,10,25,6
8,23,2015,9,20,29,6
8,23,2015,9,27,44,6
8,23,2015,9,30,52,6
8,23,2015,9,44,25,6
8,23,2015,9,45,59,6
8,23,2015,9,46,8,6
8,23,2015,9,46,28,6
8,23,2015,9,54,43,6
8,23,2015,10,5,25,6
8,23,2015,10,7,48,6
8,23,2015,10,21,29,6
8,23,2015,10,37,55,6
8,23,2015,11,14,50,6
8,23,2015,11,16,21,6
8,23,2015,11,26,48,6
8,23,2015,11,37,46,6
8,23,2015,11,40,4,6
8,23,2015,11,41,35,6
8,23,2015,11,45,20,6
8,23,2015,11,51,14,6
8,23,2015,11,58,23,6
8,23,2015,12,4,26,6
8,23,2015,12,8,17,6
8,23,2015,12,12,16,6
8,23,2015,12,13,28,6
8,23,2015,12,20,8,6
8,23,2015,12,38,19,6
8,23,2015,12,40,21,6
8,23,2015,12,51,3,6
8,23,2015,12,51,15,6
8,23,2015,13,3,17,6
8,23,2015,13,6,23,6
8,23,2015,13,9,8,6
8,23,2015,13,9,35,6
8,23,2015,13,9,36,6
8,23,2015,13,17,21,6
8,23,2015,13,30,7,6
8,23,2015,13,32,18,6
8,23,2015,13,32,26,6
8,23,2015,13,32,58,6
8,23,2015,13,33,54,6
8,23,2015,13,34,11,6
8,23,2015,13,45,31,6
8,23,2015,13,59,56,6
8,23,2015,14,7,14,6
8,23,2015,14,27,51,6
8,23,2015,14,36,26,6
8,23,2015,14,38,50,6
8,23,2015,14,41,28,6
8,23,2015,14,54,17,6
8,23,2015,14,56,38,6
8,23,2015,15,1,25,6
8,23,2015,15,1,53,6
8,23,2015,15,2,47,6
8,23,2015,15,7,47,6
8,23,2015,15,7,55,6
8,23,2015,15,9,3,6
8,23,2015,15,12,59,6
8,23,2015,15,14,0,6
8,23,2015,15,14,27,6
8,23,2015,15,15,36,6
8,23,2015,15,16,22,6
8,23,2015,15,22,54,6
8,23,2015,15,27,51,6
8,23,2015,15,28,45,6
8,23,2015,15,35,6,6
8,23,2015,15,38,32,6
8,23,2015,15,46,23,6
8,23,2015,15,46,42,6
8,23,2015,15,47,11,6
8,23,2015,15,49,58,6
8,23,2015,15,58,4,6
8,23,2015,15,58,38,6
8,23,2015,16,4,7,6
8,23,2015,16,4,34,6
8,23,2015,16,8,18,6
8,23,2015,16,16,46,6
8,23,2015,16,18,8,6
8,23,2015,16,21,3,6
8,23,2015,16,22,28,6
8,23,2015,16,27,15,6
8,23,2015,16,28,23,6
8,23,2015,16,33,44,6
8,23,2015,16,33,55,6
8,23,2015,16,33,55,6
8,23,2015,16,38,19,6
8,23,2015,16,43,44,6
8,23,2015,16,47,37,6
8,23,2015,16,48,36,6
8,23,2015,16,48,57,6
8,23,2015,16,52,17,6
8,23,2015,17,7,13,6
8,23,2015,17,14,50,6
8,23,2015,17,15,0,6
8,23,2015,17,20,54,6
8,23,2015,17,21,29,6
8,23,2015,17,25,25,6
8,23,2015,17,28,29,6
8,23,2015,17,34,35,6
8,23,2015,17,37,36,6
8,23,2015,17,38,24,6
8,23,2015,17,39,3,6
8,23,2015,17,40,27,6
8,23,2015,17,43,57,6
8,23,2015,17,48,6,6
8,23,2015,17,48,52,6
8,23,2015,17,49,59,6
8,23,2015,17,57,48,6
8,23,2015,17,57,55,6
8,23,2015,18,14,25,6
8,23,2015,18,17,13,6
8,23,2015,18,17,40,6
8,23,2015,18,24,33,6
8,23,2015,18,24,42,6
8,23,2015,18,24,42,6
8,23,2015,18,24,58,6
8,23,2015,18,26,7,6
8,23,2015,18,29,39,6
8,23,2015,18,30,0,6
8,23,2015,18,48,21,6
8,23,2015,18,49,23,6
8,23,2015,19,1,30,6
8,23,2015,19,7,17,6
8,23,2015,19,12,16,6
8,23,2015,19,12,23,6
8,23,2015,19,13,42,6
8,23,2015,19,13,44,6
8,23,2015,19,15,57,6
8,23,2015,19,18,21,6
8,23,2015,19,23,53,6
8,23,2015,19,40,8,6
8,23,2015,19,41,17,6
8,23,2015,19,53,32,6
8,23,2015,20,9,59,6
8,23,2015,20,11,22,6
8,23,2015,20,13,15,6
8,23,2015,20,14,21,6
8,23,2015,20,40,44,6
8,23,2015,20,53,9,6
8,23,2015,20,53,10,6
8,23,2015,21,29,38,6
8,23,2015,22,2,46,6
8,23,2015,22,16,40,6
8,23,2015,22,22,33,6
8,23,2015,22,26,21,6
8,23,2015,22,30,49,6
8,23,2015,22,36,25,6
8,23,2015,22,45,12,6
8,23,2015,22,56,17,6
8,23,2015,23,0,20,6
8,23,2015,23,22,15,6
8,23,2015,23,33,35,6
8,24,2015,0,16,50,0
8,24,2015,1,13,55,0
8,24,2015,5,40,45,0
8,24,2015,5,52,31,0
8,24,2015,5,54,37,0
8,24,2015,6,19,36,0
8,24,2015,6,34,41,0
8,24,2015,6,37,5,0
8,24,2015,6,37,56,0
8,24,2015,6,44,36,0
8,24,2015,6,56,15,0
8,24,2015,7,1,28,0
8,24,2015,7,9,16,0
8,24,2015,7,10,24,0
8,24,2015,7,10,34,0
8,24,2015,7,11,56,0
8,24,2015,7,15,0,0
8,24,2015,7,23,55,0
8,24,2015,7,40,12,0
8,24,2015,7,43,41,0
8,24,2015,7,44,58,0
8,24,2015,7,46,10,0
8,24,2015,7,50,16,0
8,24,2015,7,50,33,0
8,24,2015,8,2,32,0
8,24,2015,8,2,59,0
8,24,2015,8,3,49,0
8,24,2015,8,13,40,0
8,24,2015,8,35,46,0
8,24,2015,8,38,16,0
8,24,2015,8,50,55,0
8,24,2015,8,53,19,0
8,24,2015,9,5,56,0
8,24,2015,9,11,18,0
8,24,2015,9,36,34,0
8,24,2015,10,5,55,0
8,24,2015,11,6,50,0
8,24,2015,11,12,54,0
8,24,2015,12,9,21,0
8,24,2015,12,36,39,0
8,24,2015,13,21,5,0
8,24,2015,13,27,12,0
8,24,2015,13,27,17,0
8,24,2015,13,28,56,0
8,24,2015,13,29,54,0
8,24,2015,13,42,50,0
8,24,2015,13,45,21,0
8,24,2015,14,0,29,0
8,24,2015,14,2,23,0
8,24,2015,14,23,46,0
8,24,2015,14,39,0,0
8,24,2015,14,48,6,0
8,24,2015,14,48,56,0
8,24,2015,14,52,56,0
8,24,2015,14,56,25,0
8,24,2015,15,38,10,0
8,24,2015,15,39,53,0
8,24,2015,16,11,15,0
8,24,2015,16,18,8,0
8,24,2015,16,20,14,0
8,24,2015,16,29,36,0
8,24,2015,16,45,44,0
8,24,2015,16,49,31,0
8,24,2015,16,51,5,0
8,24,2015,16,54,54,0
8,24,2015,16,57,24,0
8,24,2015,17,9,10,0
8,24,2015,17,31,27,0
8,24,2015,17,57,5,0
8,24,2015,18,4,40,0
8,24,2015,18,5,24,0
8,24,2015,18,8,36,0
8,24,2015,18,9,36,0
8,24,2015,18,15,19,0
8,24,2015,18,26,24,0
8,24,2015,18,28,11,0
8,24,2015,18,39,23,0
8,24,2015,18,39,24,0
8,24,2015,18,45,6,0
8,24,2015,18,46,31,0
8,24,2015,18,46,31,0
8,24,2015,18,49,4,0
8,24,2015,18,54,8,0
8,24,2015,18,54,56,0
8,24,2015,18,57,34,0
8,24,2015,18,57,43,0
8,24,2015,19,8,42,0
8,24,2015,19,19,4,0
8,24,2015,19,24,22,0
8,24,2015,19,39,36,0
8,24,2015,19,47,35,0
8,24,2015,20,49,42,0
8,24,2015,21,2,25,0
8,24,2015,21,5,15,0
8,24,2015,21,26,22,0
8,24,2015,22,1,53,0
8,24,2015,22,5,41,0
8,24,2015,22,15,41,0
8,24,2015,22,36,39,0
8,24,2015,23,7,36,0
8,24,2015,23,22,35,0
8,24,2015,23,27,57,0
8,25,2015,5,41,8,1
8,25,2015,5,56,2,1
8,25,2015,6,32,19,1
8,25,2015,6,34,56,1
8,25,2015,6,36,48,1
8,25,2015,6,43,20,1
8,25,2015,6,50,25,1
8,25,2015,6,53,34,1
8,25,2015,6,58,2,1
8,25,2015,6,58,29,1
8,25,2015,7,0,52,1
8,25,2015,7,3,33,1
8,25,2015,7,7,27,1
8,25,2015,7,13,20,1
8,25,2015,7,13,42,1
8,25,2015,7,17,38,1
8,25,2015,7,26,39,1
8,25,2015,7,33,9,1
8,25,2015,7,33,42,1
8,25,2015,7,36,58,1
8,25,2015,7,46,39,1
8,25,2015,7,46,41,1
8,25,2015,7,48,3,1
8,25,2015,7,51,42,1
8,25,2015,7,52,54,1
8,25,2015,7,59,43,1
8,25,2015,8,1,24,1
8,25,2015,8,4,59,1
8,25,2015,8,8,41,1
8,25,2015,8,10,36,1
8,25,2015,8,30,22,1
8,25,2015,9,32,55,1
8,25,2015,9,45,10,1
8,25,2015,9,48,50,1
8,25,2015,10,3,50,1
8,25,2015,10,17,14,1
8,25,2015,10,30,41,1
8,25,2015,10,32,4,1
8,25,2015,10,33,56,1
8,25,2015,10,37,28,1
8,25,2015,10,46,2,1
8,25,2015,11,3,36,1
8,25,2015,11,5,5,1
8,25,2015,11,5,5,1
8,25,2015,11,10,6,1
8,25,2015,11,20,9,1
8,25,2015,11,20,41,1
8,25,2015,11,22,39,1
8,25,2015,11,29,16,1
8,25,2015,11,43,2,1
8,25,2015,11,47,42,1
8,25,2015,11,48,7,1
8,25,2015,11,52,59,1
8,25,2015,11,54,43,1
8,25,2015,11,58,6,1
8,25,2015,12,10,36,1
8,25,2015,12,11,13,1
8,25,2015,12,19,39,1
8,25,2015,12,20,42,1
8,25,2015,12,20,52,1
8,25,2015,12,21,20,1
8,25,2015,12,21,57,1
8,25,2015,12,28,12,1
8,25,2015,12,30,3,1
8,25,2015,12,30,59,1
8,25,2015,12,36,43,1
8,25,2015,12,38,50,1
8,25,2015,12,40,35,1
8,25,2015,12,51,2,1
8,25,2015,12,54,41,1
8,25,2015,13,5,5,1
8,25,2015,13,15,13,1
8,25,2015,13,15,29,1
8,25,2015,13,16,54,1
8,25,2015,13,23,17,1
8,25,2015,13,34,38,1
8,25,2015,13,35,56,1
8,25,2015,13,54,20,1
8,25,2015,13,55,44,1
8,25,2015,13,57,39,1
8,25,2015,13,59,28,1
8,25,2015,14,8,29,1
8,25,2015,14,53,17,1
8,25,2015,15,13,9,1
8,25,2015,15,37,31,1
8,25,2015,16,1,6,1
8,25,2015,16,10,37,1
8,25,2015,16,15,50,1
8,25,2015,16,18,22,1
8,25,2015,16,35,51,1
8,25,2015,16,51,20,1
8,25,2015,16,55,9,1
8,25,2015,17,15,11,1
8,25,2015,17,33,0,1
8,25,2015,17,33,10,1
8,25,2015,17,42,14,1
8,25,2015,17,59,34,1
8,25,2015,18,0,52,1
8,25,2015,18,10,20,1
8,25,2015,18,10,20,1
8,25,2015,18,21,17,1
8,25,2015,18,22,2,1
8,25,2015,18,44,28,1
8,25,2015,19,0,23,1
8,25,2015,19,2,24,1
8,25,2015,19,4,13,1
8,25,2015,19,4,53,1
8,25,2015,19,21,55,1
8,25,2015,19,27,51,1
8,25,2015,19,45,49,1
8,25,2015,19,48,29,1
8,25,2015,19,58,27,1
8,25,2015,20,0,13,1
8,25,2015,20,2,19,1
8,25,2015,20,8,27,1
8,25,2015,20,8,29,1
8,25,2015,20,10,46,1
8,25,2015,20,12,50,1
8,25,2015,20,29,3,1
8,25,2015,20,42,53,1
8,25,2015,20,44,53,1
8,25,2015,20,57,36,1
8,25,2015,21,4,49,1
8,25,2015,21,11,25,1
8,25,2015,21,17,58,1
8,25,2015,21,55,38,1
8,25,2015,22,35,12,1
8,25,2015,22,36,33,1
8,25,2015,22,38,10,1
8,25,2015,22,45,15,1
8,25,2015,22,46,40,1
8,25,2015,22,50,41,1
8,25,2015,22,54,3,1
8,25,2015,22,55,57,1
8,26,2015,0,39,37,2
8,26,2015,1,9,9,2
8,26,2015,5,36,32,2
8,26,2015,5,54,14,2
8,26,2015,5,57,56,2
8,26,2015,6,20,29,2
8,26,2015,6,22,30,2
8,26,2015,6,32,2,2
8,26,2015,6,37,31,2
8,26,2015,6,44,35,2
8,26,2015,6,56,36,2
8,26,2015,7,13,49,2
8,26,2015,7,16,33,2
8,26,2015,7,20,30,2
8,26,2015,7,20,55,2
8,26,2015,7,22,4,2
8,26,2015,7,35,56,2
8,26,2015,7,39,34,2
8,26,2015,7,44,27,2
8,26,2015,7,46,10,2
8,26,2015,7,48,34,2
8,26,2015,7,49,45,2
8,26,2015,7,51,1,2
8,26,2015,7,51,11,2
8,26,2015,7,52,7,2
8,26,2015,7,54,30,2
8,26,2015,7,55,55,2
8,26,2015,7,58,12,2
8,26,2015,7,58,59,2
8,26,2015,7,59,5,2
8,26,2015,8,2,5,2
8,26,2015,8,4,15,2
8,26,2015,8,4,22,2
8,26,2015,8,4,42,2
8,26,2015,8,7,7,2
8,26,2015,8,12,20,2
8,26,2015,8,12,27,2
8,26,2015,8,14,54,2
8,26,2015,8,18,20,2
8,26,2015,8,21,36,2
8,26,2015,8,21,53,2
8,26,2015,8,21,53,2
8,26,2015,8,21,57,2
8,26,2015,8,41,23,2
8,26,2015,8,49,46,2
8,26,2015,8,49,57,2
8,26,2015,8,52,17,2
8,26,2015,9,35,20,2
8,26,2015,10,11,55,2
8,26,2015,10,21,2,2
8,26,2015,10,24,42,2
8,26,2015,10,26,39,2
8,26,2015,10,26,52,2
8,26,2015,10,30,30,2
8,26,2015,10,33,16,2
8,26,2015,10,35,20,2
8,26,2015,10,43,0,2
8,26,2015,10,45,17,2
8,26,2015,10,45,26,2
8,26,2015,10,52,17,2
8,26,2015,11,0,54,2
8,26,2015,11,10,51,2
8,26,2015,11,14,0,2
8,26,2015,11,18,30,2
8,26,2015,11,19,48,2
8,26,2015,11,36,58,2
8,26,2015,11,38,33,2
8,26,2015,11,40,47,2
8,26,2015,11,50,3,2
8,26,2015,12,7,24,2
8,26,2015,12,10,10,2
8,26,2015,12,16,39,2
8,26,2015,12,23,4,2
8,26,2015,12,24,2,2
8,26,2015,12,26,14,2
8,26,2015,12,38,45,2
8,26,2015,12,41,40,2
8,26,2015,12,52,10,2
8,26,2015,12,54,44,2
8,26,2015,12,56,29,2
8,26,2015,12,58,29,2
8,26,2015,13,7,29,2
8,26,2015,13,12,50,2
8,26,2015,13,13,51,2
8,26,2015,13,14,27,2
8,26,2015,13,33,31,2
8,26,2015,13,40,50,2
8,26,2015,13,47,12,2
8,26,2015,13,54,45,2
8,26,2015,13,56,10,2
8,26,2015,14,3,11,2
8,26,2015,14,12,16,2
8,26,2015,14,13,38,2
8,26,2015,14,22,29,2
8,26,2015,14,26,2,2
8,26,2015,14,34,2,2
8,26,2015,14,50,54,2
8,26,2015,14,53,0,2
8,26,2015,14,55,2,2
8,26,2015,15,5,24,2
8,26,2015,15,8,27,2
8,26,2015,15,8,56,2
8,26,2015,15,19,0,2
8,26,2015,15,23,27,2
8,26,2015,15,27,17,2
8,26,2015,15,42,27,2
8,26,2015,15,49,27,2
8,26,2015,15,54,3,2
8,26,2015,15,56,20,2
8,26,2015,16,0,39,2
8,26,2015,16,1,24,2
8,26,2015,16,2,36,2
8,26,2015,16,9,2,2
8,26,2015,16,24,1,2
8,26,2015,16,33,15,2
8,26,2015,16,41,29,2
8,26,2015,17,8,57,2
8,26,2015,17,11,24,2
8,26,2015,17,21,27,2
8,26,2015,17,23,6,2
8,26,2015,17,26,52,2
8,26,2015,17,27,32,2
8,26,2015,17,51,57,2
8,26,2015,17,55,9,2
8,26,2015,18,1,53,2
8,26,2015,18,11,42,2
8,26,2015,18,17,17,2
8,26,2015,18,21,9,2
8,26,2015,18,29,22,2
8,26,2015,18,32,20,2
8,26,2015,18,39,10,2
8,26,2015,18,40,17,2
8,26,2015,18,42,9,2
8,26,2015,18,43,33,2
8,26,2015,18,56,3,2
8,26,2015,18,58,19,2
8,26,2015,19,6,24,2
8,26,2015,19,18,37,2
8,26,2015,19,24,0,2
8,26,2015,19,31,14,2
8,26,2015,19,59,22,2
8,26,2015,19,59,30,2
8,26,2015,20,1,45,2
8,26,2015,20,9,30,2
8,26,2015,20,10,34,2
8,26,2015,20,14,37,2
8,26,2015,20,42,11,2
8,26,2015,20,54,6,2
8,26,2015,21,2,23,2
8,26,2015,21,18,21,2
8,26,2015,21,23,3,2
8,26,2015,21,24,41,2
8,26,2015,21,39,47,2
8,26,2015,22,29,55,2
8,26,2015,23,40,6,2
8,26,2015,23,54,17,2
8,27,2015,2,26,34,3
8,27,2015,5,29,54,3
8,27,2015,5,58,17,3
8,27,2015,6,3,58,3
8,27,2015,6,35,45,3
8,27,2015,6,36,25,3
8,27,2015,6,36,43,3
8,27,2015,6,38,13,3
8,27,2015,6,40,2,3
8,27,2015,6,41,38,3
8,27,2015,6,41,58,3
8,27,2015,6,53,20,3
8,27,2015,7,2,30,3
8,27,2015,7,5,13,3
8,27,2015,7,17,58,3
8,27,2015,7,18,57,3
8,27,2015,7,24,21,3
8,27,2015,7,32,35,3
8,27,2015,7,32,53,3
8,27,2015,7,41,11,3
8,27,2015,7,49,3,3
8,27,2015,7,49,25,3
8,27,2015,7,51,22,3
8,27,2015,7,58,35,3
8,27,2015,8,0,17,3
8,27,2015,8,3,18,3
8,27,2015,8,3,31,3
8,27,2015,8,4,18,3
8,27,2015,8,4,26,3
8,27,2015,8,5,9,3
8,27,2015,8,5,50,3
8,27,2015,8,5,56,3
8,27,2015,8,6,58,3
8,27,2015,8,12,51,3
8,27,2015,8,18,28,3
8,27,2015,8,20,48,3
8,27,2015,8,20,48,3
8,27,2015,8,24,21,3
8,27,2015,8,25,33,3
8,27,2015,8,26,28,3
8,27,2015,8,26,51,3
8,27,2015,8,27,58,3
8,27,2015,8,32,48,3
8,27,2015,8,33,35,3
8,27,2015,8,34,12,3
8,27,2015,8,44,43,3
8,27,2015,9,35,37,3
8,27,2015,10,37,38,3
8,27,2015,10,44,18,3
8,27,2015,10,51,10,3
8,27,2015,10,51,38,3
8,27,2015,10,53,48,3
8,27,2015,10,56,27,3
8,27,2015,10,58,24,3
8,27,2015,10,59,7,3
8,27,2015,11,6,46,3
8,27,2015,11,8,17,3
8,27,2015,11,16,7,3
8,27,2015,11,16,21,3
8,27,2015,11,38,42,3
8,27,2015,11,43,54,3
8,27,2015,11,44,45,3
8,27,2015,11,47,7,3
8,27,2015,12,3,19,3
8,27,2015,12,4,26,3
8,27,2015,12,22,55,3
8,27,2015,12,26,7,3
8,27,2015,12,38,24,3
8,27,2015,12,40,46,3
8,27,2015,12,58,19,3
8,27,2015,12,58,45,3
8,27,2015,13,2,36,3
8,27,2015,13,15,0,3
8,27,2015,13,21,28,3
8,27,2015,13,25,34,3
8,27,2015,13,53,57,3
8,27,2015,14,2,9,3
8,27,2015,14,17,24,3
8,27,2015,14,31,17,3
8,27,2015,14,34,27,3
8,27,2015,14,35,47,3
8,27,2015,14,49,41,3
8,27,2015,14,52,58,3
8,27,2015,14,53,23,3
8,27,2015,14,55,44,3
8,27,2015,15,13,53,3
8,27,2015,15,23,41,3
8,27,2015,15,24,25,3
8,27,2015,15,26,46,3
8,27,2015,15,56,52,3
8,27,2015,15,59,27,3
8,27,2015,16,5,43,3
8,27,2015,16,6,8,3
8,27,2015,16,13,17,3
8,27,2015,16,13,53,3
8,27,2015,16,22,34,3
8,27,2015,16,27,3,3
8,27,2015,16,33,49,3
8,27,2015,16,43,3,3
8,27,2015,16,44,54,3
8,27,2015,16,50,32,3
8,27,2015,16,53,13,3
8,27,2015,16,55,24,3
8,27,2015,16,58,20,3
8,27,2015,17,17,45,3
8,27,2015,17,34,28,3
8,27,2015,17,36,13,3
8,27,2015,17,39,10,3
8,27,2015,17,40,55,3
8,27,2015,17,54,2,3
8,27,2015,18,1,34,3
8,27,2015,18,3,33,3
8,27,2015,18,3,35,3
8,27,2015,18,14,37,3
8,27,2015,18,23,38,3
8,27,2015,18,29,19,3
8,27,2015,18,29,33,3
8,27,2015,18,37,22,3
8,27,2015,18,40,41,3
8,27,2015,18,41,0,3
8,27,2015,18,41,53,3
8,27,2015,18,43,21,3
8,27,2015,18,46,38,3
8,27,2015,18,47,18,3
8,27,2015,18,47,58,3
8,27,2015,18,55,0,3
8,27,2015,18,57,26,3
8,27,2015,19,13,15,3
8,27,2015,19,15,53,3
8,27,2015,19,47,42,3
8,27,2015,19,56,13,3
8,27,2015,20,12,26,3
8,27,2015,20,43,0,3
8,27,2015,20,56,0,3
8,27,2015,20,58,59,3
8,27,2015,21,4,27,3
8,27,2015,21,15,10,3
8,27,2015,21,15,19,3
8,27,2015,21,25,49,3
8,27,2015,21,28,1,3
8,27,2015,21,30,4,3
8,27,2015,21,30,7,3
8,27,2015,21,43,10,3
8,27,2015,22,1,26,3
8,27,2015,22,3,18,3
8,27,2015,22,42,12,3
8,27,2015,22,46,54,3
8,27,2015,22,46,54,3
8,27,2015,23,1,44,3
8,27,2015,23,7,34,3
8,27,2015,23,9,13,3
8,27,2015,23,30,57,3
8,28,2015,0,3,27,4
8,28,2015,1,29,47,4
8,28,2015,2,1,53,4
8,28,2015,3,15,39,4
8,28,2015,5,34,25,4
8,28,2015,6,18,3,4
8,28,2015,6,37,46,4
8,28,2015,6,51,52,4
8,28,2015,7,5,11,4
8,28,2015,7,8,15,4
8,28,2015,7,17,33,4
8,28,2015,7,22,30,4
8,28,2015,7,25,26,4
8,28,2015,7,41,47,4
8,28,2015,7,49,50,4
8,28,2015,7,50,13,4
8,28,2015,8,3,28,4
8,28,2015,8,10,13,4
8,28,2015,8,11,41,4
8,28,2015,8,11,41,4
8,28,2015,8,12,18,4
8,28,2015,8,15,28,4
8,28,2015,8,17,40,4
8,28,2015,8,17,46,4
8,28,2015,8,18,15,4
8,28,2015,8,20,21,4
8,28,2015,8,20,53,4
8,28,2015,8,22,0,4
8,28,2015,8,23,19,4
8,28,2015,8,25,19,4
8,28,2015,8,29,4,4
8,28,2015,8,43,2,4
8,28,2015,8,50,45,4
8,28,2015,8,50,58,4
8,28,2015,8,54,0,4
8,28,2015,8,57,26,4
8,28,2015,8,58,49,4
8,28,2015,9,0,56,4
8,28,2015,9,8,10,4
8,28,2015,9,9,38,4
8,28,2015,9,11,0,4
8,28,2015,9,12,33,4
8,28,2015,9,13,2,4
8,28,2015,9,19,47,4
8,28,2015,9,21,6,4
8,28,2015,9,26,3,4
8,28,2015,9,26,3,4
8,28,2015,9,27,23,4
8,28,2015,9,35,3,4
8,28,2015,9,36,26,4
8,28,2015,10,1,11,4
8,28,2015,10,44,2,4
8,28,2015,10,54,39,4
8,28,2015,10,59,20,4
8,28,2015,11,32,8,4
8,28,2015,11,32,8,4
8,28,2015,12,18,49,4
8,28,2015,12,26,32,4
8,28,2015,12,32,46,4
8,28,2015,12,54,42,4
8,28,2015,12,58,53,4
8,28,2015,13,3,21,4
8,28,2015,13,6,46,4
8,28,2015,13,6,51,4
8,28,2015,13,37,21,4
8,28,2015,13,39,53,4
8,28,2015,13,42,48,4
8,28,2015,13,50,31,4
8,28,2015,13,50,49,4
8,28,2015,13,50,49,4
8,28,2015,14,0,38,4
8,28,2015,14,6,40,4
8,28,2015,14,18,52,4
8,28,2015,14,22,15,4
8,28,2015,14,50,32,4
8,28,2015,14,58,15,4
8,28,2015,15,18,0,4
8,28,2015,15,19,8,4
8,28,2015,15,22,55,4
8,28,2015,15,31,0,4
8,28,2015,15,36,53,4
8,28,2015,15,46,23,4
8,28,2015,16,3,45,4
8,28,2015,16,5,46,4
8,28,2015,16,5,55,4
8,28,2015,16,15,32,4
8,28,2015,16,21,38,4
8,28,2015,16,30,31,4
8,28,2015,16,31,50,4
8,28,2015,16,45,35,4
8,28,2015,16,46,3,4
8,28,2015,16,46,10,4
8,28,2015,16,47,54,4
8,28,2015,16,50,54,4
8,28,2015,17,2,29,4
8,28,2015,17,4,36,4
8,28,2015,17,5,44,4
8,28,2015,17,17,40,4
8,28,2015,17,44,27,4
8,28,2015,17,47,31,4
8,28,2015,17,48,34,4
8,28,2015,17,49,43,4
8,28,2015,17,49,55,4
8,28,2015,17,52,10,4
8,28,2015,17,52,44,4
8,28,2015,17,52,53,4
8,28,2015,17,52,53,4
8,28,2015,18,7,21,4
8,28,2015,18,10,39,4
8,28,2015,18,12,16,4
8,28,2015,18,16,18,4
8,28,2015,18,16,47,4
8,28,2015,18,28,11,4
8,28,2015,18,31,55,4
8,28,2015,18,48,43,4
8,28,2015,18,49,43,4
8,28,2015,19,3,23,4
8,28,2015,19,10,9,4
8,28,2015,19,27,0,4
8,28,2015,19,31,47,4
8,28,2015,19,34,7,4
8,28,2015,19,43,35,4
8,28,2015,19,45,29,4
8,28,2015,19,45,32,4
8,28,2015,19,45,38,4
8,28,2015,20,1,29,4
8,28,2015,20,6,59,4
8,28,2015,20,30,57,4
8,28,2015,20,36,1,4
8,28,2015,20,52,56,4
8,28,2015,21,3,13,4
8,28,2015,21,26,46,4
8,28,2015,21,32,54,4
8,28,2015,21,56,16,4
8,28,2015,22,15,32,4
8,28,2015,22,15,43,4
8,28,2015,22,48,2,4
8,28,2015,22,49,40,4
8,28,2015,23,53,53,4
8,29,2015,0,25,33,5
8,29,2015,2,29,25,5
8,29,2015,6,51,59,5
8,29,2015,7,22,37,5
8,29,2015,7,29,54,5
8,29,2015,7,40,10,5
8,29,2015,7,59,21,5
8,29,2015,8,13,0,5
8,29,2015,8,20,47,5
8,29,2015,8,36,12,5
8,29,2015,8,59,33,5
8,29,2015,9,20,31,5
8,29,2015,9,21,8,5
8,29,2015,9,23,58,5
8,29,2015,9,28,43,5
8,29,2015,9,33,23,5
8,29,2015,9,36,38,5
8,29,2015,9,38,1,5
8,29,2015,9,38,42,5
8,29,2015,9,41,58,5
8,29,2015,9,43,15,5
8,29,2015,9,52,8,5
8,29,2015,9,52,34,5
8,29,2015,10,6,3,5
8,29,2015,10,9,34,5
8,29,2015,10,23,29,5
8,29,2015,10,28,56,5
8,29,2015,10,42,29,5
8,29,2015,10,43,20,5
8,29,2015,10,45,3,5
8,29,2015,10,51,38,5
8,29,2015,10,54,28,5
8,29,2015,11,6,50,5
8,29,2015,11,6,50,5
8,29,2015,11,6,50,5
8,29,2015,11,19,46,5
8,29,2015,11,24,12,5
8,29,2015,11,28,31,5
8,29,2015,11,29,19,5
8,29,2015,11,29,37,5
8,29,2015,11,35,56,5
8,29,2015,11,37,34,5
8,29,2015,11,42,12,5
8,29,2015,11,50,4,5
8,29,2015,11,56,6,5
8,29,2015,11,58,2,5
8,29,2015,12,17,27,5
8,29,2015,12,17,37,5
8,29,2015,12,30,29,5
8,29,2015,12,34,37,5
8,29,2015,12,50,36,5
8,29,2015,12,52,14,5
8,29,2015,13,0,7,5
8,29,2015,13,0,3,5
8,29,2015,13,6,11,5
8,29,2015,13,7,25,5
8,29,2015,13,9,58,5
8,29,2015,13,11,14,5
8,29,2015,13,13,35,5
8,29,2015,13,17,15,5
8,29,2015,13,18,33,5
8,29,2015,13,25,54,5
8,29,2015,13,33,42,5
8,29,2015,13,33,42,5
8,29,2015,13,39,32,5
8,29,2015,13,40,43,5
8,29,2015,13,43,0,5
8,29,2015,13,43,57,5
8,29,2015,13,44,19,5
8,29,2015,13,54,31,5
8,29,2015,13,59,23,5
8,29,2015,14,1,31,5
8,29,2015,14,11,25,5
8,29,2015,14,13,19,5
8,29,2015,14,20,50,5
8,29,2015,14,21,1,5
8,29,2015,14,25,29,5
8,29,2015,14,25,51,5
8,29,2015,14,25,51,5
8,29,2015,14,26,41,5
8,29,2015,14,26,41,5
8,29,2015,14,26,48,5
8,29,2015,14,27,30,5
8,29,2015,14,29,13,5
8,29,2015,14,29,14,5
8,29,2015,14,31,55,5
8,29,2015,14,32,35,5
8,29,2015,14,34,16,5
8,29,2015,14,35,48,5
8,29,2015,14,36,54,5
8,29,2015,14,37,3,5
8,29,2015,14,37,56,5
8,29,2015,14,46,5,5
8,29,2015,14,48,33,5
8,29,2015,15,5,30,5
8,29,2015,15,26,2,5
8,29,2015,15,33,58,5
8,29,2015,15,38,41,5
8,29,2015,15,42,32,5
8,29,2015,15,49,32,5
8,29,2015,15,59,59,5
8,29,2015,16,0,36,5
8,29,2015,16,8,45,5
8,29,2015,16,11,30,5
8,29,2015,16,11,30,5
8,29,2015,16,26,53,5
8,29,2015,16,34,2,5
8,29,2015,16,34,9,5
8,29,2015,16,37,30,5
8,29,2015,16,44,57,5
8,29,2015,16,45,21,5
8,29,2015,16,54,17,5
8,29,2015,17,4,11,5
8,29,2015,17,4,33,5
8,29,2015,17,5,48,5
8,29,2015,17,5,53,5
8,29,2015,17,9,14,5
8,29,2015,17,18,3,5
8,29,2015,17,18,55,5
8,29,2015,17,27,22,5
8,29,2015,17,27,22,5
8,29,2015,17,34,7,5
8,29,2015,17,37,9,5
8,29,2015,17,45,50,5
8,29,2015,17,48,6,5
8,29,2015,17,48,31,5
8,29,2015,17,49,17,5
8,29,2015,17,53,54,5
8,29,2015,18,2,42,5
8,29,2015,18,12,46,5
8,29,2015,18,13,15,5
8,29,2015,18,22,2,5
8,29,2015,18,47,24,5
8,29,2015,18,58,4,5
8,29,2015,19,6,9,5
8,29,2015,19,6,16,5
8,29,2015,19,25,21,5
8,29,2015,19,27,45,5
8,29,2015,19,29,59,5
8,29,2015,19,40,21,5
8,29,2015,19,40,53,5
8,29,2015,20,0,30,5
8,29,2015,20,3,45,5
8,29,2015,20,10,0,5
8,29,2015,20,27,44,5
8,29,2015,20,42,54,5
8,29,2015,20,51,33,5
8,29,2015,20,51,33,5
8,29,2015,21,0,0,5
8,29,2015,21,40,19,5
8,29,2015,21,47,25,5
8,29,2015,21,54,28,5
8,29,2015,21,58,43,5
8,29,2015,22,51,59,5
8,29,2015,23,11,13,5
8,29,2015,23,36,23,5
8,30,2015,0,18,29,6
8,30,2015,1,4,28,6
8,30,2015,1,15,41,6
8,30,2015,4,51,9,6
8,30,2015,6,41,2,6
8,30,2015,8,32,59,6
8,30,2015,8,36,39,6
8,30,2015,8,43,12,6
8,30,2015,8,45,33,6
8,30,2015,9,2,12,6
8,30,2015,9,7,36,6
8,30,2015,9,25,29,6
8,30,2015,9,36,25,6
8,30,2015,9,51,26,6
8,30,2015,9,58,5,6
8,30,2015,10,0,30,6
8,30,2015,10,1,49,6
8,30,2015,10,1,49,6
8,30,2015,10,2,39,6
8,30,2015,10,2,52,6
8,30,2015,10,8,53,6
8,30,2015,10,10,56,6
8,30,2015,10,13,37,6
8,30,2015,10,25,38,6
8,30,2015,10,29,40,6
8,30,2015,10,31,30,6
8,30,2015,10,33,55,6
8,30,2015,10,35,41,6
8,30,2015,10,40,56,6
8,30,2015,10,47,52,6
8,30,2015,10,48,13,6
8,30,2015,10,48,26,6
8,30,2015,10,58,39,6
8,30,2015,11,1,23,6
8,30,2015,11,5,50,6
8,30,2015,11,24,36,6
8,30,2015,11,24,37,6
8,30,2015,11,27,43,6
8,30,2015,11,27,43,6
8,30,2015,11,41,27,6
8,30,2015,11,41,35,6
8,30,2015,11,50,37,6
8,30,2015,12,0,9,6
8,30,2015,12,5,59,6
8,30,2015,12,7,34,6
8,30,2015,12,12,23,6
8,30,2015,12,16,13,6
8,30,2015,12,18,39,6
8,30,2015,12,24,21,6
8,30,2015,12,24,56,6
8,30,2015,12,25,32,6
8,30,2015,12,29,47,6
8,30,2015,12,30,24,6
8,30,2015,12,34,43,6
8,30,2015,12,56,19,6
8,30,2015,13,4,4,6
8,30,2015,13,8,10,6
8,30,2015,13,11,29,6
8,30,2015,13,12,54,6
8,30,2015,13,17,18,6
8,30,2015,13,21,44,6
8,30,2015,13,29,45,6
8,30,2015,13,36,6,6
8,30,2015,13,37,21,6
8,30,2015,13,41,12,6
8,30,2015,13,45,6,6
8,30,2015,13,56,40,6
8,30,2015,13,57,52,6
8,30,2015,14,1,55,6
8,30,2015,14,2,47,6
8,30,2015,14,3,13,6
8,30,2015,14,3,54,6
8,30,2015,14,4,4,6
8,30,2015,14,6,40,6
8,30,2015,14,9,34,6
8,30,2015,14,10,16,6
8,30,2015,14,18,32,6
8,30,2015,14,27,18,6
8,30,2015,14,28,1,6
8,30,2015,14,28,38,6
8,30,2015,14,34,23,6
8,30,2015,14,44,0,6
8,30,2015,14,44,4,6
8,30,2015,14,54,24,6
8,30,2015,14,56,2,6
8,30,2015,14,56,32,6
8,30,2015,14,57,46,6
8,30,2015,14,58,23,6
8,30,2015,15,7,12,6
8,30,2015,15,33,15,6
8,30,2015,15,39,32,6
8,30,2015,15,40,14,6
8,30,2015,15,43,17,6
8,30,2015,15,44,54,6
8,30,2015,15,54,42,6
8,30,2015,15,57,57,6
8,30,2015,16,0,5,6
8,30,2015,16,7,43,6
8,30,2015,16,7,43,6
8,30,2015,16,19,24,6
8,30,2015,16,22,31,6
8,30,2015,16,23,23,6
8,30,2015,16,39,5,6
8,30,2015,16,41,7,6
8,30,2015,16,44,54,6
8,30,2015,16,45,23,6
8,30,2015,16,45,56,6
8,30,2015,16,46,45,6
8,30,2015,16,47,21,6
8,30,2015,16,55,48,6
8,30,2015,16,55,49,6
8,30,2015,16,56,18,6
8,30,2015,17,5,17,6
8,30,2015,17,5,17,6
8,30,2015,17,25,8,6
8,30,2015,17,25,59,6
8,30,2015,17,28,54,6
8,30,2015,17,34,44,6
8,30,2015,17,35,46,6
8,30,2015,17,35,46,6
8,30,2015,17,46,36,6
8,30,2015,17,50,42,6
8,30,2015,17,53,15,6
8,30,2015,17,54,48,6
8,30,2015,18,1,40,6
8,30,2015,18,2,23,6
8,30,2015,18,4,43,6
8,30,2015,18,16,22,6
8,30,2015,18,25,20,6
8,30,2015,18,31,28,6
8,30,2015,18,31,34,6
8,30,2015,18,34,58,6
8,30,2015,18,35,5,6
8,30,2015,18,35,7,6
8,30,2015,18,36,24,6
8,30,2015,18,38,53,6
8,30,2015,18,38,53,6
8,30,2015,18,38,56,6
8,30,2015,18,39,16,6
8,30,2015,18,39,22,6
8,30,2015,18,40,14,6
8,30,2015,18,49,46,6
8,30,2015,18,49,48,6
8,30,2015,19,0,17,6
8,30,2015,19,0,17,6
8,30,2015,19,38,6,6
8,30,2015,19,49,22,6
8,30,2015,19,58,53,6
8,30,2015,20,1,36,6
8,30,2015,20,3,34,6
8,30,2015,20,15,35,6
8,30,2015,20,22,32,6
8,30,2015,20,23,42,6
8,30,2015,20,27,9,6
8,30,2015,20,27,28,6
8,30,2015,20,31,39,6
8,30,2015,20,33,31,6
8,30,2015,20,38,42,6
8,30,2015,20,38,51,6
8,30,2015,20,40,3,6
8,30,2015,20,44,56,6
8,30,2015,21,7,54,6
8,30,2015,21,11,43,6
8,30,2015,21,12,54,6
8,30,2015,22,32,26,6
8,30,2015,23,22,14,6
8,30,2015,23,50,59,6
8,31,2015,0,36,48,0
8,31,2015,1,47,3,0
8,31,2015,2,11,5,0
8,31,2015,5,38,14,0
8,31,2015,5,55,58,0
8,31,2015,6,38,43,0
8,31,2015,6,45,51,0
8,31,2015,6,50,33,0
8,31,2015,7,4,3,0
8,31,2015,7,6,2,0
8,31,2015,7,7,13,0
8,31,2015,7,21,44,0
8,31,2015,7,28,26,0
8,31,2015,7,34,17,0
8,31,2015,7,36,35,0
8,31,2015,7,37,23,0
8,31,2015,7,41,46,0
8,31,2015,7,46,6,0
8,31,2015,7,46,17,0
8,31,2015,7,49,6,0
8,31,2015,7,55,40,0
8,31,2015,8,3,15,0
8,31,2015,8,7,38,0
8,31,2015,8,7,57,0
8,31,2015,8,9,7,0
8,31,2015,8,10,22,0
8,31,2015,8,15,31,0
8,31,2015,8,16,47,0
8,31,2015,8,17,9,0
8,31,2015,8,18,2,0
8,31,2015,8,18,43,0
8,31,2015,8,19,32,0
8,31,2015,8,20,35,0
8,31,2015,8,22,34,0
8,31,2015,8,23,0,0
8,31,2015,8,23,46,0
8,31,2015,8,25,46,0
8,31,2015,8,26,23,0
8,31,2015,8,30,50,0
8,31,2015,8,43,22,0
8,31,2015,8,55,31,0
8,31,2015,9,1,19,0
8,31,2015,9,20,27,0
8,31,2015,10,2,6,0
8,31,2015,10,12,0,0
8,31,2015,10,16,18,0
8,31,2015,10,27,24,0
8,31,2015,10,38,21,0
8,31,2015,10,50,40,0
8,31,2015,11,20,34,0
8,31,2015,11,21,53,0
8,31,2015,11,23,29,0
8,31,2015,11,35,34,0
8,31,2015,11,43,6,0
8,31,2015,11,50,7,0
8,31,2015,11,50,41,0
8,31,2015,11,52,54,0
8,31,2015,12,5,25,0
8,31,2015,13,31,17,0
8,31,2015,13,36,34,0
8,31,2015,14,29,57,0
8,31,2015,14,54,59,0
8,31,2015,14,57,42,0
8,31,2015,14,58,1,0
8,31,2015,14,59,56,0
8,31,2015,15,2,18,0
8,31,2015,15,36,25,0
8,31,2015,15,39,38,0
8,31,2015,15,39,44,0
8,31,2015,15,39,52,0
8,31,2015,15,43,40,0
8,31,2015,15,48,55,0
8,31,2015,16,0,58,0
8,31,2015,16,1,23,0
8,31,2015,17,11,13,0
8,31,2015,17,21,37,0
8,31,2015,17,27,16,0
8,31,2015,17,30,37,0
8,31,2015,17,33,48,0
8,31,2015,17,42,33,0
8,31,2015,17,52,14,0
8,31,2015,17,55,50,0
8,31,2015,18,2,21,0
8,31,2015,18,6,20,0
8,31,2015,18,15,7,0
8,31,2015,18,19,4,0
8,31,2015,18,23,53,0
8,31,2015,18,24,21,0
8,31,2015,18,24,50,0
8,31,2015,18,26,20,0
8,31,2015,18,30,23,0
8,31,2015,18,43,44,0
8,31,2015,18,44,58,0
8,31,2015,18,48,0,0
8,31,2015,18,55,21,0
8,31,2015,19,20,5,0
8,31,2015,19,32,31,0
8,31,2015,20,6,39,0
8,31,2015,20,17,5,0
8,31,2015,20,42,20,0
8,31,2015,20,47,21,0
8,31,2015,20,49,14,0
8,31,2015,20,49,54,0
8,31,2015,20,58,39,0
8,31,2015,21,21,29,0
8,31,2015,21,23,43,0
8,31,2015,22,5,20,0
8,31,2015,22,34,24,0
8,31,2015,22,34,49,0
8,31,2015,22,43,27,0
8,31,2015,23,53,3,0
